recurso;mascara;id_documento;status;Entidad
IP;200.13.192.0/19;CO-COSA-LACNIC;ALLOCATED;LACNIC
;;;;
;;;;
IP;200.9.32.0/19;CR-CRNE-LACNIC;ALLOCATED;LACNIC
IP;200.9.75.0/24;AR-CNAE-LACNIC;ASSIGNED;LACNIC
IP;200.16.80.0/22;AR-CNAE-LACNIC;ASSIGNED;LACNIC
IP;200.13.0.0/21;CL-PEUL-LACNIC;ASSIGNED;LACNIC
IP;200.6.25.0/24;EC-SACO-LACNIC;ASSIGNED;LACNIC
IP;200.14.8.0/21;VE-CAFO1-LACNIC;ALLOCATED;LACNIC
IP;200.0.169.0/24;PE-COAM-LACNIC;ASSIGNED;LACNIC
IP;200.3.160.0/21;CO-FNCA-LACNIC;ASSIGNED;LACNIC
IP;200.12.64.0/18;MX-EYCS-LACNIC;ASSIGNED;LACNIC
IP;200.0.94.0/24;US-ARIN-LACNIC;ASSIGNED;LACNIC
IP;200.0.137.0/24;US-ARIN-LACNIC;ASSIGNED;LACNIC
IP;200.0.138.0/24;US-ARIN-LACNIC;ASSIGNED;LACNIC
IP;200.0.216.0/21;US-ARIN-LACNIC;ALLOCATED;LACNIC
IP;200.1.160.0/24;US-ARIN-LACNIC;ASSIGNED;LACNIC
IP;200.5.0.0/21;US-ARIN-LACNIC;ASSIGNED;LACNIC
IP;200.5.8.0/24;US-ARIN-LACNIC;ASSIGNED;LACNIC
IP;200.5.11.0/24;US-ARIN-LACNIC;ASSIGNED;LACNIC
IP;200.9.82.0/23;US-ARIN-LACNIC;ASSIGNED;LACNIC
IP;200.9.115.0/24;US-ARIN-LACNIC;ASSIGNED;LACNIC
IP;200.10.152.0/24;US-ARIN-LACNIC;ASSIGNED;LACNIC
IP;200.10.155.0/24;US-ARIN-LACNIC;ASSIGNED;LACNIC
IP;200.10.160.0/24;US-ARIN-LACNIC;ASSIGNED;LACNIC
IP;200.10.165.0/24;US-ARIN-LACNIC;ASSIGNED;LACNIC
IP;200.10.166.0/24;US-ARIN-LACNIC;ALLOCATED;LACNIC
IP;200.12.168.0/24;US-ARIN-LACNIC;ASSIGNED;LACNIC
IP;200.12.224.0/20;US-ARIN-LACNIC;ALLOCATED;LACNIC
IP;200.15.0.0/16;US-ARIN-LACNIC;ALLOCATED;LACNIC
IP;200.16.88.0/24;US-ARIN-LACNIC;ASSIGNED;LACNIC
IP;200.30.0.0/18;US-ARIN-LACNIC;ALLOCATED;LACNIC
IP;200.50.0.0/19;US-ARIN-LACNIC;ALLOCATED;LACNIC
IP;200.50.64.0/19;US-ARIN-LACNIC;ALLOCATED;LACNIC
IP;200.50.128.0/20;US-ARIN-LACNIC;ALLOCATED;LACNIC
IP;200.58.0.0/18;US-ARIN-LACNIC;ALLOCATED;LACNIC
IP;200.62.0.0/18;US-ARIN-LACNIC;ALLOCATED;LACNIC
IP;200.10.232.0/24;CL-SIIN-LACNIC;ASSIGNED;LACNIC
IP;200.10.251.0/24;CL-SIIN-LACNIC;ASSIGNED;LACNIC
IP;200.10.252.0/23;CL-SIIN-LACNIC;ASSIGNED;LACNIC
IP;200.1.154.0/24;DO-INSA-LACNIC;ASSIGNED;LACNIC
IP;167.157.0.0/16;BO-BANE-LACNIC;ASSIGNED;LACNIC
IP;200.13.112.0/20;MX-BMVS-LACNIC;ASSIGNED;LACNIC
IP;200.4.12.0/23;MX-GSCV4-LACNIC;ASSIGNED;LACNIC
;;;;
;;;;
IP;200.33.177.0/24;MX-GSCV3-LACNIC;ASSIGNED;LACNIC
IP;200.10.188.0/24;PE-UNLI-LACNIC;ASSIGNED;LACNIC
IP;200.11.48.0/20;PE-UNLI-LACNIC;ASSIGNED;LACNIC
IP;200.14.128.0/18;CL-CBCH-LACNIC;ASSIGNED;LACNIC
IP;200.0.118.0/23;PE-UPCA-LACNIC;ASSIGNED;LACNIC
IP;200.1.140.0/22;CL-CNSE-LACNIC;ASSIGNED;LACNIC
IP;200.6.33.0/24;CL-CNSE-LACNIC;ASSIGNED;LACNIC
IP;200.10.16.0/21;CL-ULFR-LACNIC;ASSIGNED;LACNIC
IP;200.10.24.0/22;CL-ULFR-LACNIC;ASSIGNED;LACNIC
IP;200.24.8.0/24;CO-UNCS-LACNIC;ASSIGNED;LACNIC
IP;166.75.0.0/16;CL-CTCS11-LACNIC;ASSIGNED;LACNIC
;;;;
IP;200.6.13.0/24;EC-ENSA-LACNIC;ASSIGNED;LACNIC
IP;200.26.0.0/17;AR-STSA1-LACNIC;ALLOCATED;LACNIC
IP;200.32.128.0/19;AR-STSA1-LACNIC;ALLOCATED;LACNIC
IP;200.10.194.0/24;BZ-UCOB-LACNIC;ASSIGNED;LACNIC
IP;200.6.24.0/24;EC-ECEI-LACNIC;ASSIGNED;LACNIC
IP;200.9.248.0/24;EC-ECEI-LACNIC;ASSIGNED;LACNIC
IP;148.211.0.0/16;MX-UAAG-LACNIC;ASSIGNED;LACNIC
IP;148.228.0.0/16;MX-BUAP1-LACNIC;ASSIGNED;LACNIC
IP;200.6.21.0/24;EC-ECEI1-LACNIC;ASSIGNED;LACNIC
IP;200.0.66.0/24;CL-CONA-LACNIC;ASSIGNED;LACNIC
IP;200.9.122.0/24;CL-CONA-LACNIC;ASSIGNED;LACNIC
IP;158.97.0.0/16;MX-CICE-LACNIC;ASSIGNED;LACNIC
IP;192.84.12.0/24;MX-CICE-LACNIC;ASSIGNED;LACNIC
IP;200.33.25.0/24;MX-CICY1-LACNIC;ASSIGNED;LACNIC
IP;200.10.130.0/23;PE-PUCP-LACNIC;ASSIGNED;LACNIC
IP;200.16.0.0/21;PE-PUCP-LACNIC;ASSIGNED;LACNIC
IP;146.155.0.0/16;CL-SECI-LACNIC;ASSIGNED;LACNIC
IP;200.0.166.0/23;PE-ESAN-LACNIC;ASSIGNED;LACNIC
IP;200.0.125.0/24;MX-GRMA-LACNIC;ASSIGNED;LACNIC
IP;200.0.126.0/23;MX-GRMA-LACNIC;ASSIGNED;LACNIC
IP;200.0.128.0/22;MX-GRMA-LACNIC;ASSIGNED;LACNIC
IP;200.0.132.0/24;MX-GRMA-LACNIC;ASSIGNED;LACNIC
IP;200.23.47.0/24;MX-UPAE-LACNIC;ASSIGNED;LACNIC
IP;200.33.9.0/24;MX-UPAE-LACNIC;ASSIGNED;LACNIC
IP;200.33.10.0/23;MX-UPAE-LACNIC;ASSIGNED;LACNIC
IP;200.33.12.0/23;MX-UPAE-LACNIC;ASSIGNED;LACNIC
IP;200.13.38.0/23;MX-GISC-LACNIC;ASSIGNED;LACNIC
IP;200.4.16.0/20;CO-EDIN-LACNIC;ASSIGNED;LACNIC
IP;200.11.34.0/23;PE-UNPA-LACNIC;ASSIGNED;LACNIC
IP;200.23.57.0/24;MX-ITME-LACNIC;ASSIGNED;LACNIC
IP;200.34.128.0/24;MX-ITME-LACNIC;ASSIGNED;LACNIC
IP;200.33.54.0/24;MX-MSGR-LACNIC;ASSIGNED;LACNIC
IP;200.3.192.0/23;CO-ICES-LACNIC;ASSIGNED;LACNIC
IP;200.36.0.0/19;MX-PSCV-LACNIC;ALLOCATED;LACNIC
IP;200.53.224.0/20;MX-UABJ-LACNIC;ASSIGNED;LACNIC
IP;146.83.0.0/16;CL-RUNA1-LACNIC;ASSIGNED;LACNIC
IP;164.77.0.0/16;CL-ISBA-LACNIC;ALLOCATED;LACNIC
IP;200.10.255.0/24;CL-ULAM-LACNIC;ASSIGNED;LACNIC
IP;148.207.0.0/16;MX-CNCY-LACNIC;ASSIGNED;LACNIC
IP;200.10.139.0/24;AR-GEIN1-LACNIC;ASSIGNED;LACNIC
IP;200.10.140.0/24;AR-SCSA1-LACNIC;ASSIGNED;LACNIC
IP;200.33.50.0/24;MX-NSCV2-LACNIC;ASSIGNED;LACNIC
IP;200.14.68.0/22;CL-UNVA-LACNIC;ASSIGNED;LACNIC
IP;200.24.0.0/21;CO-IESI-LACNIC;ASSIGNED;LACNIC
IP;200.23.253.0/24;MX-UTLM-LACNIC;ASSIGNED;LACNIC
IP;192.100.170.0/24;MX-UTLM-LACNIC;ASSIGNED;LACNIC
IP;200.33.246.0/23;MX-INTE1-LACNIC;ASSIGNED;LACNIC
IP;200.9.128.0/24;CL-FAIN-LACNIC;ASSIGNED;LACNIC
IP;192.231.140.0/24;CL-FAIN-LACNIC;ASSIGNED;LACNIC
IP;169.158.0.0/16;CU-CNIA-LACNIC;ASSIGNED;LACNIC
IP;200.12.130.0/24;CL-UNMA-LACNIC;ASSIGNED;LACNIC
;;;;
IP;200.1.192.0/21;CO-GRIN-LACNIC;ALLOCATED;LACNIC
IP;200.16.65.0/24;AR-MCYE-LACNIC;ASSIGNED;LACNIC
;;;;
;;;;
;;;;
;;;;
;;;;
IP;200.16.8.0/21;MU-ANIC-LACNIC;ASSIGNED;LACNIC
IP;200.23.186.0/23;MX-ITSO3-LACNIC;ASSIGNED;LACNIC
IP;192.100.166.0/24;MX-ITSO3-LACNIC;ASSIGNED;LACNIC
IP;192.231.110.0/24;CL-ORSA7-LACNIC;ASSIGNED;LACNIC
IP;140.148.0.0/16;MX-ULAM2-LACNIC;ASSIGNED;LACNIC
IP;200.12.154.0/24;AR-PAHO-LACNIC;ASSIGNED;LACNIC
IP;200.0.160.0/22;CL-BACO2-LACNIC;ASSIGNED;LACNIC
IP;161.190.0.0/16;AR-BGYB1-LACNIC;ASSIGNED;LACNIC
IP;200.33.188.0/22;MX-ICSC1-LACNIC;ASSIGNED;LACNIC
IP;148.249.0.0/16;MX-GRIR-LACNIC;ASSIGNED;LACNIC
IP;200.6.20.0/24;EC-INCA-LACNIC;ASSIGNED;LACNIC
IP;200.4.8.0/24;MX-CNAG-LACNIC;ASSIGNED;LACNIC
;;;;
;;;;
IP;192.100.160.0/24;MX-RUTY-LACNIC;ASSIGNED;LACNIC
IP;192.100.167.0/24;MX-SESE1-LACNIC;ASSIGNED;LACNIC
IP;192.100.207.0/24;MX-SISC6-LACNIC;ASSIGNED;LACNIC
IP;192.100.209.0/24;MX-CBAS-LACNIC;ASSIGNED;LACNIC
IP;192.100.210.0/24;MX-CCMO1-LACNIC;ASSIGNED;LACNIC
IP;192.100.211.0/24;MX-CBMO1-LACNIC;ASSIGNED;LACNIC
IP;192.100.212.0/24;MX-BAUN-LACNIC;ASSIGNED;LACNIC
IP;192.100.184.0/23;MX-BMVS1-LACNIC;ASSIGNED;LACNIC
IP;192.100.216.0/24;MX-BMVS1-LACNIC;ASSIGNED;LACNIC
IP;192.100.217.0/24;MX-CNIY1-LACNIC;ASSIGNED;LACNIC
IP;192.100.218.0/24;MX-CMAC1-LACNIC;ASSIGNED;LACNIC
IP;192.100.219.0/24;MX-COIN2-LACNIC;ASSIGNED;LACNIC
IP;192.100.221.0/24;MX-CMAC2-LACNIC;ASSIGNED;LACNIC
IP;192.100.222.0/24;MX-VBMS-LACNIC;ASSIGNED;LACNIC
IP;192.100.231.0/24;MX-AYVM1-LACNIC;ASSIGNED;LACNIC
IP;192.100.235.0/24;MX-VFSC-LACNIC;ASSIGNED;LACNIC
IP;192.100.236.0/24;MX-BOSA-LACNIC;ASSIGNED;LACNIC
IP;192.100.203.0/24;MX-PISC8-LACNIC;ASSIGNED;LACNIC
IP;192.100.237.0/24;MX-PISC8-LACNIC;ASSIGNED;LACNIC
IP;192.100.238.0/23;MX-PISC8-LACNIC;ASSIGNED;LACNIC
IP;192.100.240.0/24;MX-PISC8-LACNIC;ASSIGNED;LACNIC
IP;192.100.246.0/24;MX-GFAB-LACNIC;ASSIGNED;LACNIC
IP;192.100.249.0/24;MX-GFSU-LACNIC;ASSIGNED;LACNIC
IP;192.100.250.0/24;MX-BPSA-LACNIC;ASSIGNED;LACNIC
IP;200.33.186.0/24;MX-IMPE-LACNIC;ASSIGNED;LACNIC
IP;192.100.180.0/23;MX-IMPE-LACNIC;ASSIGNED;LACNIC
;;;;
;;;;
IP;192.188.58.0/24;EC-EPEJ-LACNIC;ASSIGNED;LACNIC
IP;200.16.96.0/20;AR-MREC1-LACNIC;ASSIGNED;LACNIC
IP;204.87.169.0/24;CL-UTFS4-LACNIC;ASSIGNED;LACNIC
IP;192.100.188.0/24;MX-UTNE1-LACNIC;ASSIGNED;LACNIC
IP;196.32.32.0/19;TT-INLT1-LACNIC;ALLOCATED;LACNIC
IP;192.188.53.0/24;EC-USFQ-LACNIC;ASSIGNED;LACNIC
;;;;
;;;;
;;;;
;;;;
IP;200.10.186.0/24;AR-CCCI-LACNIC;ASSIGNED;LACNIC
IP;157.100.0.0/16;EC-ECEI3-LACNIC;ASSIGNED;LACNIC
;;;;
;;;;
;;;;
;;;;
;;;;
;;;;
;;;;
;;;;
;;;;
;;;;
;;;;
;;;;
;;;;
;;;;
;;;;
;;;;
;;;;
;;;;
;;;;
;;;;
;;;;
;;;;
;;;;
;;;;
;;;;
;;;;
;;;;
;;;;
;;;;
;;;;
;;;;
;;;;
;;;;
;;;;
;;;;
;;;;
;;;;
;;;;
;;;;
;;;;
;;;;
;;;;
;;;;
;;;;
;;;;
;;;;
;;;;
;;;;
;;;;
;;;;
;;;;
;;;;
;;;;
;;;;
;;;;
;;;;
;;;;
;;;;
;;;;
;;;;
;;;;
;;;;
;;;;
;;;;
;;;;
;;;;
;;;;
;;;;
;;;;
;;;;
;;;;
;;;;
;;;;
;;;;
;;;;
;;;;
;;;;
;;;;
;;;;
;;;;
;;;;
;;;;
;;;;
;;;;
;;;;
;;;;
;;;;
;;;;
;;;;
;;;;
;;;;
;;;;
;;;;
;;;;
;;;;
;;;;
;;;;
;;;;
;;;;
;;;;
;;;;
;;;;
;;;;
;;;;
;;;;
;;;;
;;;;
;;;;
;;;;
;;;;
;;;;
;;;;
;;;;
;;;;
;;;;
;;;;
;;;;
;;;;
;;;;
;;;;
;;;;
;;;;
;;;;
;;;;
;;;;
;;;;
;;;;
;;;;
;;;;
;;;;
;;;;
;;;;
;;;;
;;;;
;;;;
;;;;
;;;;
;;;;
;;;;
;;;;
;;;;
;;;;
;;;;
;;;;
;;;;
;;;;
;;;;
;;;;
;;;;
;;;;
;;;;
;;;;
;;;;
;;;;
;;;;
;;;;
;;;;
;;;;
;;;;
;;;;
;;;;
;;;;
;;;;
;;;;
;;;;
;;;;
;;;;
;;;;
;;;;
;;;;
;;;;
;;;;
;;;;
;;;;
;;;;
;;;;
;;;;
;;;;
;;;;
;;;;
;;;;
;;;;
;;;;
;;;;
;;;;
;;;;
;;;;
;;;;
;;;;
;;;;
;;;;
;;;;
;;;;
;;;;
;;;;
;;;;
;;;;
;;;;
;;;;
;;;;
;;;;
;;;;
;;;;
;;;;
;;;;
;;;;
;;;;
;;;;
;;;;
;;;;
;;;;
;;;;
;;;;
;;;;
;;;;
;;;;
;;;;
;;;;
;;;;
;;;;
;;;;
;;;;
;;;;
;;;;
;;;;
;;;;
;;;;
;;;;
;;;;
;;;;
;;;;
;;;;
;;;;
;;;;
;;;;
;;;;
;;;;
;;;;
;;;;
;;;;
;;;;
;;;;
;;;;
;;;;
;;;;
;;;;
;;;;
;;;;
;;;;
;;;;
;;;;
;;;;
;;;;
;;;;
;;;;
;;;;
;;;;
;;;;
;;;;
;;;;
;;;;
;;;;
;;;;
;;;;
;;;;
;;;;
;;;;
;;;;
;;;;
;;;;
;;;;
;;;;
;;;;
;;;;
;;;;
;;;;
;;;;
;;;;
;;;;
;;;;
;;;;
;;;;
;;;;
;;;;
;;;;
;;;;
;;;;
;;;;
;;;;
;;;;
;;;;
;;;;
;;;;
;;;;
;;;;
;;;;
;;;;
;;;;
;;;;
;;;;
;;;;
;;;;
;;;;
;;;;
;;;;
;;;;
;;;;
;;;;
;;;;
;;;;
;;;;
;;;;
;;;;
;;;;
;;;;
;;;;
;;;;
;;;;
;;;;
;;;;
;;;;
;;;;
;;;;
;;;;
;;;;
;;;;
;;;;
;;;;
;;;;
;;;;
;;;;
;;;;
;;;;
;;;;
;;;;
;;;;
;;;;
;;;;
;;;;
;;;;
;;;;
;;;;
;;;;
;;;;
;;;;
;;;;
;;;;
;;;;
;;;;
;;;;
;;;;
;;;;
;;;;
;;;;
;;;;
;;;;
;;;;
;;;;
;;;;
;;;;
;;;;
;;;;
;;;;
;;;;
;;;;
;;;;
;;;;
;;;;
;;;;
;;;;
;;;;
;;;;
;;;;
;;;;
;;;;
;;;;
;;;;
;;;;
;;;;
;;;;
;;;;
;;;;
;;;;
;;;;
;;;;
;;;;
;;;;
;;;;
;;;;
;;;;
;;;;
;;;;
;;;;
;;;;
;;;;
;;;;
;;;;
;;;;
;;;;
;;;;
;;;;
;;;;
;;;;
;;;;
;;;;
;;;;
;;;;
;;;;
;;;;
;;;;
;;;;
;;;;
;;;;
;;;;
;;;;
;;;;
;;;;
;;;;
;;;;
;;;;
;;;;
;;;;
;;;;
;;;;
;;;;
;;;;
;;;;
;;;;
;;;;
;;;;
;;;;
;;;;
;;;;
;;;;
;;;;
;;;;
;;;;
;;;;
;;;;
;;;;
;;;;
;;;;
;;;;
;;;;
;;;;
;;;;
;;;;
;;;;
;;;;
;;;;
;;;;
;;;;
;;;;
;;;;
;;;;
;;;;
;;;;
;;;;
;;;;
;;;;
;;;;
;;;;
;;;;
;;;;
;;;;
;;;;
;;;;
;;;;
;;;;
;;;;
;;;;
;;;;
;;;;
;;;;
;;;;
;;;;
;;;;
;;;;
;;;;
;;;;
;;;;
;;;;
;;;;
;;;;
;;;;
;;;;
;;;;
;;;;
;;;;
;;;;
;;;;
;;;;
;;;;
;;;;
;;;;
;;;;
;;;;
;;;;
;;;;
;;;;
;;;;
;;;;
;;;;
;;;;
;;;;
;;;;
;;;;
;;;;
;;;;
;;;;
;;;;
;;;;
;;;;
;;;;
;;;;
;;;;
;;;;
;;;;
;;;;
;;;;
;;;;
;;;;
;;;;
;;;;
;;;;
;;;;
;;;;
;;;;
;;;;
;;;;
;;;;
;;;;
;;;;
;;;;
;;;;
;;;;
;;;;
;;;;
;;;;
;;;;
;;;;
;;;;
;;;;
;;;;
;;;;
;;;;
;;;;
;;;;
;;;;
;;;;
;;;;
;;;;
;;;;
;;;;
;;;;
;;;;
;;;;
;;;;
;;;;
;;;;
;;;;
;;;;
;;;;
;;;;
;;;;
;;;;
;;;;
;;;;
;;;;
;;;;
;;;;
;;;;
;;;;
;;;;
;;;;
;;;;
;;;;
;;;;
;;;;
;;;;
;;;;
;;;;
;;;;
;;;;
;;;;
;;;;
;;;;
;;;;
;;;;
;;;;
;;;;
;;;;
;;;;
;;;;
;;;;
;;;;
;;;;
;;;;
;;;;
;;;;
;;;;
;;;;
;;;;
;;;;
;;;;
;;;;
;;;;
;;;;
;;;;
;;;;
;;;;
;;;;
;;;;
;;;;
;;;;
;;;;
;;;;
;;;;
;;;;
;;;;
;;;;
;;;;
;;;;
;;;;
;;;;
;;;;
;;;;
;;;;
;;;;
;;;;
;;;;
;;;;
;;;;
;;;;
;;;;
;;;;
;;;;
;;;;
;;;;
;;;;
;;;;
;;;;
;;;;
;;;;
;;;;
;;;;
;;;;
;;;;
;;;;
;;;;
;;;;
;;;;
;;;;
;;;;
;;;;
;;;;
;;;;
;;;;
;;;;
;;;;
;;;;
;;;;
;;;;
;;;;
;;;;
;;;;
;;;;
;;;;
;;;;
;;;;
;;;;
;;;;
;;;;
;;;;
;;;;
;;;;
;;;;
;;;;
;;;;
;;;;
;;;;
;;;;
;;;;
;;;;
;;;;
;;;;
;;;;
;;;;
;;;;
;;;;
;;;;
;;;;
;;;;
;;;;
;;;;
;;;;
;;;;
;;;;
;;;;
;;;;
;;;;
;;;;
;;;;
;;;;
;;;;
;;;;
;;;;
;;;;
;;;;
;;;;
;;;;
;;;;
;;;;
;;;;
;;;;
;;;;
;;;;
;;;;
;;;;
;;;;
;;;;
;;;;
;;;;
;;;;
;;;;
;;;;
;;;;
;;;;
;;;;
;;;;
;;;;
;;;;
;;;;
;;;;
;;;;
;;;;
;;;;
;;;;
;;;;
;;;;
;;;;
;;;;
;;;;
;;;;
;;;;
;;;;
;;;;
;;;;
;;;;
;;;;
;;;;
;;;;
;;;;
;;;;
;;;;
;;;;
;;;;
;;;;
;;;;
;;;;
;;;;
;;;;
;;;;
;;;;
;;;;
;;;;
;;;;
;;;;
;;;;
;;;;
;;;;
;;;;
;;;;
;;;;
;;;;
;;;;
;;;;
;;;;
;;;;
;;;;
;;;;
;;;;
;;;;
;;;;
;;;;
;;;;
;;;;
;;;;
;;;;
;;;;
;;;;
;;;;
;;;;
;;;;
;;;;
;;;;
;;;;
;;;;
;;;;
;;;;
;;;;
;;;;
;;;;
;;;;
;;;;
;;;;
;;;;
;;;;
;;;;
;;;;
;;;;
;;;;
;;;;
;;;;
;;;;
;;;;
;;;;
;;;;
;;;;
;;;;
;;;;
;;;;
;;;;
;;;;
;;;;
;;;;
;;;;
;;;;
;;;;
;;;;
;;;;
;;;;
;;;;
;;;;
;;;;
;;;;
;;;;
;;;;
;;;;
;;;;
;;;;
;;;;
;;;;
;;;;
;;;;
;;;;
;;;;
;;;;
;;;;
;;;;
;;;;
;;;;
;;;;
;;;;
;;;;
;;;;
;;;;
;;;;
;;;;
;;;;
;;;;
;;;;
;;;;
;;;;
;;;;
;;;;
;;;;
;;;;
;;;;
;;;;
;;;;
;;;;
;;;;
;;;;
;;;;
;;;;
;;;;
;;;;
;;;;
;;;;
;;;;
;;;;
;;;;
;;;;
;;;;
;;;;
;;;;
;;;;
;;;;
;;;;
;;;;
;;;;
;;;;
;;;;
;;;;
;;;;
;;;;
;;;;
;;;;
;;;;
;;;;
;;;;
;;;;
;;;;
;;;;
;;;;
;;;;
;;;;
;;;;
;;;;
;;;;
;;;;
;;;;
;;;;
;;;;
;;;;
;;;;
;;;;
;;;;
;;;;
;;;;
;;;;
;;;;
;;;;
;;;;
;;;;
;;;;
;;;;
;;;;
;;;;
;;;;
;;;;
;;;;
;;;;
;;;;
;;;;
;;;;
;;;;
;;;;
;;;;
;;;;
;;;;
;;;;
;;;;
;;;;
;;;;
;;;;
;;;;
;;;;
;;;;
;;;;
;;;;
;;;;
;;;;
;;;;
;;;;
;;;;
;;;;
;;;;
;;;;
;;;;
;;;;
;;;;
;;;;
;;;;
;;;;
;;;;
;;;;
;;;;
;;;;
;;;;
;;;;
;;;;
;;;;
;;;;
;;;;
;;;;
;;;;
;;;;
;;;;
;;;;
;;;;
;;;;
;;;;
;;;;
;;;;
;;;;
;;;;
;;;;
;;;;
;;;;
;;;;
;;;;
;;;;
;;;;
;;;;
;;;;
;;;;
;;;;
;;;;
;;;;
;;;;
;;;;
;;;;
;;;;
;;;;
;;;;
;;;;
;;;;
;;;;
;;;;
;;;;
;;;;
;;;;
;;;;
;;;;
;;;;
;;;;
;;;;
;;;;
;;;;
;;;;
;;;;
;;;;
;;;;
;;;;
;;;;
;;;;
;;;;
;;;;
;;;;
;;;;
;;;;
;;;;
;;;;
;;;;
;;;;
;;;;
;;;;
;;;;
;;;;
;;;;
;;;;
;;;;
;;;;
;;;;
;;;;
;;;;
;;;;
;;;;
;;;;
;;;;
;;;;
;;;;
;;;;
;;;;
;;;;
;;;;
;;;;
;;;;
;;;;
;;;;
;;;;
;;;;
;;;;
;;;;
;;;;
;;;;
;;;;
;;;;
;;;;
;;;;
;;;;
;;;;
;;;;
;;;;
;;;;
;;;;
;;;;
;;;;
;;;;
;;;;
;;;;
;;;;
;;;;
;;;;
;;;;
;;;;
;;;;
;;;;
;;;;
;;;;
;;;;
;;;;
;;;;
;;;;
;;;;
;;;;
;;;;
;;;;
;;;;
;;;;
;;;;
;;;;
;;;;
;;;;
;;;;
;;;;
;;;;
;;;;
;;;;
;;;;
;;;;
;;;;
;;;;
;;;;
;;;;
;;;;
;;;;
;;;;
;;;;
;;;;
;;;;
;;;;
;;;;
;;;;
;;;;
;;;;
;;;;
;;;;
;;;;
;;;;
;;;;
;;;;
;;;;
;;;;
;;;;
;;;;
;;;;
;;;;
;;;;
;;;;
;;;;
;;;;
;;;;
;;;;
;;;;
;;;;
;;;;
;;;;
;;;;
;;;;
;;;;
;;;;
;;;;
;;;;
;;;;
;;;;
;;;;
;;;;
;;;;
;;;;
;;;;
;;;;
;;;;
;;;;
;;;;
;;;;
;;;;
;;;;
;;;;
;;;;
;;;;
;;;;
;;;;
;;;;
;;;;
;;;;
;;;;
;;;;
;;;;
;;;;
;;;;
;;;;
;;;;
;;;;
;;;;
;;;;
;;;;
;;;;
;;;;
;;;;
;;;;
;;;;
;;;;
;;;;
;;;;
;;;;
;;;;
;;;;
;;;;
;;;;
;;;;
;;;;
;;;;
;;;;
;;;;
;;;;
;;;;
;;;;
;;;;
;;;;
;;;;
;;;;
;;;;
;;;;
;;;;
;;;;
;;;;
;;;;
;;;;
;;;;
;;;;
;;;;
;;;;
;;;;
;;;;
;;;;
;;;;
;;;;
;;;;
;;;;
;;;;
;;;;
;;;;
;;;;
;;;;
;;;;
;;;;
;;;;
;;;;
;;;;
;;;;
;;;;
;;;;
;;;;
;;;;
;;;;
;;;;
;;;;
;;;;
;;;;
;;;;
;;;;
;;;;
;;;;
;;;;
;;;;
;;;;
;;;;
;;;;
;;;;
;;;;
;;;;
;;;;
;;;;
;;;;
;;;;
;;;;
;;;;
;;;;
;;;;
;;;;
;;;;
;;;;
;;;;
;;;;
;;;;
;;;;
;;;;
;;;;
;;;;
;;;;
;;;;
;;;;
;;;;
;;;;
;;;;
;;;;
;;;;
;;;;
;;;;
;;;;
;;;;
;;;;
;;;;
;;;;
;;;;
;;;;
;;;;
;;;;
;;;;
;;;;
;;;;
;;;;
;;;;
;;;;
;;;;
;;;;
;;;;
;;;;
;;;;
;;;;
;;;;
;;;;
;;;;
;;;;
;;;;
;;;;
;;;;
;;;;
;;;;
;;;;
;;;;
;;;;
;;;;
;;;;
;;;;
;;;;
;;;;
;;;;
;;;;
;;;;
;;;;
;;;;
;;;;
;;;;
;;;;
;;;;
;;;;
;;;;
;;;;
;;;;
;;;;
;;;;
;;;;
;;;;
;;;;
;;;;
;;;;
;;;;
;;;;
;;;;
;;;;
;;;;
;;;;
;;;;
;;;;
;;;;
;;;;
;;;;
;;;;
;;;;
;;;;
;;;;
;;;;
;;;;
;;;;
;;;;
;;;;
;;;;
;;;;
;;;;
;;;;
;;;;
;;;;
;;;;
;;;;
;;;;
;;;;
;;;;
;;;;
;;;;
;;;;
;;;;
;;;;
;;;;
;;;;
;;;;
;;;;
;;;;
;;;;
;;;;
;;;;
;;;;
;;;;
;;;;
;;;;
;;;;
;;;;
;;;;
;;;;
;;;;
;;;;
;;;;
;;;;
;;;;
;;;;
;;;;
;;;;
;;;;
;;;;
;;;;
;;;;
;;;;
;;;;
;;;;
;;;;
;;;;
;;;;
;;;;
;;;;
;;;;
;;;;
;;;;
;;;;
;;;;
;;;;
;;;;
;;;;
;;;;
;;;;
;;;;
;;;;
;;;;
;;;;
;;;;
;;;;
;;;;
;;;;
;;;;
;;;;
;;;;
;;;;
;;;;
;;;;
;;;;
;;;;
;;;;
;;;;
;;;;
;;;;
;;;;
;;;;
;;;;
;;;;
;;;;
;;;;
;;;;
;;;;
;;;;
;;;;
;;;;
;;;;
;;;;
;;;;
;;;;
;;;;
;;;;
;;;;
;;;;
;;;;
;;;;
;;;;
;;;;
;;;;
;;;;
;;;;
;;;;
;;;;
;;;;
;;;;
;;;;
;;;;
;;;;
;;;;
;;;;
;;;;
;;;;
;;;;
;;;;
;;;;
;;;;
;;;;
;;;;
;;;;
;;;;
;;;;
;;;;
;;;;
;;;;
;;;;
;;;;
;;;;
;;;;
;;;;
;;;;
;;;;
;;;;
;;;;
;;;;
;;;;
;;;;
;;;;
;;;;
;;;;
;;;;
;;;;
;;;;
;;;;
;;;;
;;;;
;;;;
;;;;
;;;;
;;;;
;;;;
;;;;
;;;;
;;;;
;;;;
;;;;
;;;;
;;;;
;;;;
;;;;
;;;;
;;;;
;;;;
;;;;
;;;;
;;;;
;;;;
;;;;
;;;;
;;;;
;;;;
;;;;
;;;;
;;;;
;;;;
;;;;
;;;;
;;;;
;;;;
;;;;
;;;;
;;;;
;;;;
;;;;
;;;;
;;;;
;;;;
;;;;
;;;;
;;;;
;;;;
;;;;
;;;;
;;;;
;;;;
;;;;
;;;;
;;;;
;;;;
;;;;
;;;;
;;;;
;;;;
;;;;
;;;;
;;;;
;;;;
;;;;
;;;;
;;;;
;;;;
;;;;
;;;;
;;;;
;;;;
;;;;
;;;;
;;;;
;;;;
;;;;
;;;;
;;;;
;;;;
;;;;
;;;;
;;;;
;;;;
;;;;
;;;;
;;;;
;;;;
;;;;
;;;;
;;;;
;;;;
;;;;
;;;;
;;;;
;;;;
;;;;
;;;;
;;;;
;;;;
;;;;
;;;;
;;;;
;;;;
;;;;
;;;;
;;;;
;;;;
;;;;
;;;;
;;;;
;;;;
;;;;
;;;;
;;;;
;;;;
;;;;
;;;;
;;;;
;;;;
;;;;
;;;;
;;;;
;;;;
;;;;
;;;;
;;;;
;;;;
;;;;
;;;;
;;;;
;;;;
;;;;
;;;;
;;;;
;;;;
;;;;
;;;;
;;;;
;;;;
;;;;
;;;;
;;;;
;;;;
;;;;
;;;;
;;;;
;;;;
;;;;
;;;;
;;;;
;;;;
;;;;
;;;;
;;;;
;;;;
;;;;
;;;;
;;;;
;;;;
;;;;
;;;;
;;;;
;;;;
;;;;
;;;;
;;;;
;;;;
;;;;
;;;;
;;;;
;;;;
;;;;
;;;;
;;;;
;;;;
;;;;
;;;;
;;;;
;;;;
;;;;
;;;;
;;;;
;;;;
;;;;
;;;;
;;;;
;;;;
;;;;
;;;;
;;;;
;;;;
;;;;
;;;;
;;;;
;;;;
;;;;
;;;;
;;;;
;;;;
;;;;
;;;;
;;;;
;;;;
;;;;
;;;;
;;;;
;;;;
;;;;
;;;;
;;;;
;;;;
;;;;
;;;;
;;;;
;;;;
;;;;
;;;;
;;;;
;;;;
;;;;
;;;;
;;;;
;;;;
;;;;
;;;;
;;;;
;;;;
;;;;
;;;;
;;;;
;;;;
;;;;
;;;;
;;;;
;;;;
;;;;
;;;;
;;;;
;;;;
;;;;
;;;;
;;;;
;;;;
;;;;
;;;;
;;;;
;;;;
;;;;
;;;;
;;;;
;;;;
;;;;
;;;;
;;;;
;;;;
;;;;
;;;;
;;;;
;;;;
;;;;
;;;;
;;;;
;;;;
;;;;
;;;;
;;;;
;;;;
;;;;
;;;;
;;;;
;;;;
;;;;
;;;;
;;;;
;;;;
;;;;
;;;;
;;;;
;;;;
;;;;
;;;;
;;;;
;;;;
;;;;
;;;;
;;;;
;;;;
;;;;
;;;;
;;;;
;;;;
;;;;
;;;;
;;;;
;;;;
;;;;
;;;;
;;;;
;;;;
;;;;
;;;;
;;;;
;;;;
;;;;
;;;;
;;;;
;;;;
;;;;
;;;;
;;;;
;;;;
;;;;
;;;;
;;;;
;;;;
;;;;
;;;;
;;;;
;;;;
;;;;
;;;;
;;;;
;;;;
;;;;
;;;;
;;;;
;;;;
;;;;
;;;;
;;;;
;;;;
;;;;
;;;;
;;;;
;;;;
;;;;
;;;;
;;;;
;;;;
;;;;
;;;;
;;;;
;;;;
;;;;
;;;;
;;;;
;;;;
;;;;
;;;;
;;;;
;;;;
;;;;
;;;;
;;;;
;;;;
;;;;
;;;;
;;;;
;;;;
;;;;
;;;;
;;;;
;;;;
;;;;
;;;;
;;;;
;;;;
;;;;
;;;;
;;;;
;;;;
;;;;
;;;;
;;;;
;;;;
;;;;
;;;;
;;;;
;;;;
;;;;
;;;;
;;;;
;;;;
;;;;
;;;;
;;;;
;;;;
;;;;
;;;;
;;;;
;;;;
;;;;
;;;;
;;;;
;;;;
;;;;
;;;;
;;;;
;;;;
;;;;
;;;;
;;;;
;;;;
;;;;
;;;;
;;;;
;;;;
;;;;
;;;;
;;;;
;;;;
;;;;
;;;;
;;;;
;;;;
;;;;
;;;;
;;;;
;;;;
;;;;
;;;;
;;;;
;;;;
;;;;
;;;;
;;;;
;;;;
;;;;
;;;;
;;;;
;;;;
;;;;
;;;;
;;;;
;;;;
;;;;
;;;;
;;;;
;;;;
;;;;
;;;;
;;;;
;;;;
;;;;
;;;;
;;;;
;;;;
;;;;
;;;;
;;;;
;;;;
;;;;
;;;;
;;;;
;;;;
;;;;
;;;;
;;;;
;;;;
;;;;
;;;;
;;;;
;;;;
;;;;
;;;;
;;;;
;;;;
;;;;
;;;;
;;;;
;;;;
;;;;
;;;;
;;;;
;;;;
;;;;
;;;;
;;;;
;;;;
;;;;
;;;;
;;;;
;;;;
;;;;
;;;;
;;;;
;;;;
;;;;
;;;;
;;;;
;;;;
;;;;
;;;;
;;;;
;;;;
;;;;
;;;;
;;;;
;;;;
;;;;
;;;;
;;;;
;;;;
;;;;
;;;;
;;;;
;;;;
;;;;
;;;;
;;;;
;;;;
;;;;
;;;;
;;;;
;;;;
;;;;
;;;;
;;;;
;;;;
;;;;
;;;;
;;;;
;;;;
;;;;
;;;;
;;;;
;;;;
;;;;
;;;;
;;;;
;;;;
;;;;
;;;;
;;;;
;;;;
;;;;
;;;;
;;;;
;;;;
;;;;
;;;;
;;;;
;;;;
;;;;
;;;;
;;;;
;;;;
;;;;
;;;;
;;;;
;;;;
;;;;
;;;;
;;;;
;;;;
;;;;
;;;;
;;;;
;;;;
;;;;
;;;;
;;;;
;;;;
;;;;
;;;;
;;;;
;;;;
;;;;
;;;;
;;;;
;;;;
;;;;
;;;;
;;;;
;;;;
;;;;
;;;;
;;;;
;;;;
;;;;
;;;;
;;;;
;;;;
;;;;
;;;;
;;;;
;;;;
;;;;
;;;;
;;;;
;;;;
;;;;
;;;;
;;;;
;;;;
;;;;
;;;;
;;;;
;;;;
;;;;
;;;;
;;;;
;;;;
;;;;
;;;;
;;;;
;;;;
;;;;
;;;;
;;;;
;;;;
;;;;
;;;;
;;;;
;;;;
;;;;
;;;;
;;;;
;;;;
;;;;
;;;;
;;;;
;;;;
;;;;
;;;;
;;;;
;;;;
;;;;
;;;;
;;;;
;;;;
;;;;
;;;;
;;;;
;;;;
;;;;
;;;;
;;;;
;;;;
;;;;
;;;;
;;;;
;;;;
;;;;
;;;;
;;;;
;;;;
;;;;
;;;;
;;;;
;;;;
;;;;
;;;;
;;;;
;;;;
;;;;
;;;;
;;;;
;;;;
;;;;
;;;;
;;;;
;;;;
;;;;
;;;;
;;;;
;;;;
;;;;
;;;;
;;;;
;;;;
;;;;
;;;;
;;;;
;;;;
;;;;
;;;;
;;;;
;;;;
;;;;
;;;;
;;;;
;;;;
;;;;
;;;;
;;;;
;;;;
;;;;
;;;;
;;;;
;;;;
;;;;
;;;;
;;;;
;;;;
;;;;
;;;;
;;;;
;;;;
;;;;
;;;;
;;;;
;;;;
;;;;
;;;;
;;;;
;;;;
;;;;
;;;;
;;;;
;;;;
;;;;
;;;;
;;;;
;;;;
;;;;
;;;;
;;;;
;;;;
;;;;
;;;;
;;;;
;;;;
;;;;
;;;;
;;;;
;;;;
;;;;
;;;;
;;;;
;;;;
;;;;
;;;;
;;;;
;;;;
;;;;
;;;;
;;;;
;;;;
;;;;
;;;;
;;;;
;;;;
;;;;
;;;;
;;;;
;;;;
;;;;
;;;;
;;;;
;;;;
;;;;
;;;;
;;;;
;;;;
;;;;
;;;;
;;;;
;;;;
;;;;
;;;;
;;;;
;;;;
;;;;
;;;;
;;;;
;;;;
;;;;
;;;;
;;;;
;;;;
;;;;
;;;;
;;;;
;;;;
;;;;
;;;;
;;;;
;;;;
;;;;
;;;;
;;;;
;;;;
;;;;
;;;;
;;;;
;;;;
;;;;
;;;;
;;;;
;;;;
;;;;
;;;;
;;;;
;;;;
;;;;
;;;;
;;;;
;;;;
;;;;
;;;;
;;;;
;;;;
;;;;
;;;;
;;;;
;;;;
;;;;
;;;;
;;;;
;;;;
;;;;
;;;;
;;;;
;;;;
;;;;
;;;;
;;;;
;;;;
;;;;
;;;;
;;;;
;;;;
;;;;
;;;;
;;;;
;;;;
;;;;
;;;;
;;;;
;;;;
;;;;
;;;;
;;;;
;;;;
;;;;
;;;;
;;;;
;;;;
;;;;
;;;;
;;;;
;;;;
;;;;
;;;;
;;;;
;;;;
;;;;
;;;;
;;;;
;;;;
;;;;
;;;;
;;;;
;;;;
;;;;
;;;;
;;;;
;;;;
;;;;
;;;;
;;;;
;;;;
;;;;
;;;;
;;;;
;;;;
;;;;
;;;;
;;;;
;;;;
;;;;
;;;;
;;;;
;;;;
;;;;
;;;;
;;;;
;;;;
;;;;
;;;;
;;;;
;;;;
;;;;
;;;;
;;;;
;;;;
;;;;
;;;;
;;;;
;;;;
;;;;
;;;;
;;;;
;;;;
;;;;
;;;;
;;;;
;;;;
;;;;
;;;;
;;;;
;;;;
;;;;
;;;;
;;;;
;;;;
;;;;
;;;;
;;;;
;;;;
;;;;
;;;;
;;;;
;;;;
;;;;
;;;;
;;;;
;;;;
;;;;
;;;;
;;;;
;;;;
;;;;
;;;;
;;;;
;;;;
;;;;
;;;;
;;;;
;;;;
;;;;
;;;;
;;;;
;;;;
;;;;
;;;;
;;;;
;;;;
;;;;
;;;;
;;;;
;;;;
;;;;
;;;;
;;;;
;;;;
;;;;
;;;;
;;;;
;;;;
;;;;
;;;;
;;;;
;;;;
;;;;
;;;;
;;;;
;;;;
;;;;
;;;;
;;;;
;;;;
;;;;
;;;;
;;;;
;;;;
;;;;
;;;;
;;;;
;;;;
;;;;
;;;;
;;;;
;;;;
;;;;
;;;;
;;;;
;;;;
;;;;
;;;;
;;;;
;;;;
;;;;
;;;;
;;;;
;;;;
;;;;
;;;;
;;;;
;;;;
;;;;
;;;;
;;;;
;;;;
;;;;
;;;;
;;;;
;;;;
;;;;
;;;;
;;;;
;;;;
;;;;
;;;;
;;;;
;;;;
;;;;
;;;;
;;;;
;;;;
;;;;
;;;;
;;;;
;;;;
;;;;
;;;;
;;;;
;;;;
;;;;
;;;;
;;;;
;;;;
;;;;
;;;;
;;;;
;;;;
;;;;
;;;;
;;;;
;;;;
;;;;
;;;;
;;;;
;;;;
;;;;
;;;;
;;;;
;;;;
;;;;
;;;;
;;;;
;;;;
;;;;
;;;;
;;;;
;;;;
;;;;
;;;;
;;;;
;;;;
;;;;
;;;;
;;;;
;;;;
;;;;
;;;;
;;;;
;;;;
;;;;
;;;;
;;;;
;;;;
;;;;
;;;;
;;;;
;;;;
;;;;
;;;;
;;;;
;;;;
;;;;
;;;;
;;;;
;;;;
;;;;
;;;;
;;;;
;;;;
;;;;
;;;;
;;;;
;;;;
;;;;
;;;;
;;;;
;;;;
;;;;
;;;;
;;;;
;;;;
;;;;
;;;;
;;;;
;;;;
;;;;
;;;;
;;;;
;;;;
;;;;
;;;;
;;;;
;;;;
;;;;
;;;;
;;;;
;;;;
;;;;
;;;;
;;;;
;;;;
;;;;
;;;;
;;;;
;;;;
;;;;
;;;;
;;;;
;;;;
;;;;
;;;;
;;;;
;;;;
;;;;
;;;;
;;;;
;;;;
;;;;
;;;;
;;;;
;;;;
;;;;
;;;;
;;;;
;;;;
;;;;
;;;;
;;;;
;;;;
;;;;
;;;;
;;;;
;;;;
;;;;
;;;;
;;;;
;;;;
;;;;
;;;;
;;;;
;;;;
;;;;
;;;;
;;;;
;;;;
;;;;
;;;;
;;;;
;;;;
;;;;
;;;;
;;;;
;;;;
;;;;
;;;;
;;;;
;;;;
;;;;
;;;;
;;;;
;;;;
;;;;
;;;;
;;;;
;;;;
;;;;
;;;;
;;;;
;;;;
;;;;
;;;;
;;;;
;;;;
;;;;
;;;;
;;;;
;;;;
;;;;
;;;;
;;;;
;;;;
;;;;
;;;;
;;;;
;;;;
;;;;
;;;;
;;;;
;;;;
;;;;
;;;;
;;;;
;;;;
;;;;
;;;;
;;;;
;;;;
;;;;
;;;;
;;;;
;;;;
;;;;
;;;;
;;;;
;;;;
;;;;
;;;;
;;;;
;;;;
;;;;
;;;;
;;;;
;;;;
;;;;
;;;;
;;;;
;;;;
;;;;
;;;;
;;;;
;;;;
;;;;
;;;;
;;;;
;;;;
;;;;
;;;;
;;;;
;;;;
;;;;
;;;;
;;;;
;;;;
;;;;
;;;;
;;;;
;;;;
;;;;
;;;;
;;;;
;;;;
;;;;
;;;;
;;;;
;;;;
;;;;
;;;;
;;;;
;;;;
;;;;
;;;;
;;;;
;;;;
;;;;
;;;;
;;;;
;;;;
;;;;
;;;;
;;;;
;;;;
;;;;
;;;;
;;;;
;;;;
;;;;
;;;;
;;;;
;;;;
;;;;
;;;;
;;;;
;;;;
;;;;
;;;;
;;;;
;;;;
;;;;
;;;;
;;;;
;;;;
;;;;
;;;;
;;;;
;;;;
;;;;
;;;;
;;;;
;;;;
;;;;
;;;;
;;;;
;;;;
;;;;
;;;;
;;;;
;;;;
;;;;
;;;;
;;;;
;;;;
;;;;
;;;;
;;;;
;;;;
;;;;
;;;;
;;;;
;;;;
;;;;
;;;;
;;;;
;;;;
;;;;
;;;;
;;;;
;;;;
;;;;
;;;;
;;;;
;;;;
;;;;
;;;;
;;;;
;;;;
;;;;
;;;;
;;;;
;;;;
;;;;
;;;;
;;;;
;;;;
;;;;
;;;;
;;;;
;;;;
;;;;
;;;;
;;;;
;;;;
;;;;
;;;;
;;;;
;;;;
;;;;
;;;;
;;;;
;;;;
;;;;
;;;;
;;;;
;;;;
;;;;
;;;;
;;;;
;;;;
;;;;
;;;;
;;;;
;;;;
;;;;
;;;;
;;;;
;;;;
;;;;
;;;;
;;;;
;;;;
;;;;
;;;;
;;;;
;;;;
;;;;
;;;;
;;;;
;;;;
;;;;
;;;;
;;;;
;;;;
;;;;
;;;;
;;;;
;;;;
;;;;
;;;;
;;;;
;;;;
;;;;
;;;;
;;;;
;;;;
;;;;
;;;;
;;;;
;;;;
;;;;
;;;;
;;;;
;;;;
;;;;
;;;;
;;;;
;;;;
;;;;
;;;;
;;;;
;;;;
;;;;
;;;;
;;;;
;;;;
;;;;
;;;;
;;;;
;;;;
;;;;
;;;;
;;;;
;;;;
;;;;
;;;;
;;;;
;;;;
;;;;
;;;;
;;;;
;;;;
;;;;
;;;;
;;;;
;;;;
;;;;
;;;;
;;;;
;;;;
;;;;
;;;;
;;;;
;;;;
;;;;
;;;;
;;;;
;;;;
;;;;
;;;;
;;;;
;;;;
;;;;
;;;;
;;;;
;;;;
;;;;
;;;;
;;;;
;;;;
;;;;
;;;;
;;;;
;;;;
;;;;
;;;;
;;;;
;;;;
;;;;
;;;;
;;;;
;;;;
;;;;
;;;;
;;;;
;;;;
;;;;
;;;;
;;;;
;;;;
;;;;
;;;;
;;;;
;;;;
;;;;
;;;;
;;;;
;;;;
;;;;
;;;;
;;;;
;;;;
;;;;
;;;;
;;;;
;;;;
;;;;
;;;;
;;;;
;;;;
;;;;
;;;;
;;;;
;;;;
;;;;
;;;;
;;;;
;;;;
;;;;
;;;;
;;;;
;;;;
;;;;
;;;;
;;;;
;;;;
;;;;
;;;;
;;;;
;;;;
;;;;
;;;;
;;;;
;;;;
;;;;
;;;;
;;;;
;;;;
;;;;
;;;;
;;;;
;;;;
;;;;
;;;;
;;;;
;;;;
;;;;
;;;;
;;;;
;;;;
;;;;
;;;;
;;;;
;;;;
;;;;
;;;;
;;;;
;;;;
;;;;
;;;;
;;;;
;;;;
;;;;
;;;;
;;;;
;;;;
;;;;
;;;;
;;;;
;;;;
;;;;
;;;;
;;;;
;;;;
;;;;
;;;;
;;;;
;;;;
;;;;
;;;;
;;;;
;;;;
;;;;
;;;;
;;;;
;;;;
;;;;
;;;;
;;;;
;;;;
;;;;
;;;;
;;;;
;;;;
;;;;
;;;;
;;;;
;;;;
;;;;
;;;;
;;;;
;;;;
;;;;
;;;;
;;;;
;;;;
;;;;
;;;;
;;;;
;;;;
;;;;
;;;;
;;;;
;;;;
;;;;
;;;;
;;;;
;;;;
;;;;
;;;;
;;;;
;;;;
;;;;
;;;;
;;;;
;;;;
;;;;
;;;;
;;;;
;;;;
;;;;
;;;;
;;;;
;;;;
;;;;
;;;;
;;;;
;;;;
;;;;
;;;;
;;;;
;;;;
;;;;
;;;;
;;;;
;;;;
;;;;
;;;;
;;;;
;;;;
;;;;
;;;;
;;;;
;;;;
;;;;
;;;;
;;;;
;;;;
;;;;
;;;;
;;;;
;;;;
;;;;
;;;;
;;;;
;;;;
;;;;
;;;;
;;;;
;;;;
;;;;
;;;;
;;;;
;;;;
;;;;
;;;;
;;;;
;;;;
;;;;
;;;;
;;;;
;;;;
;;;;
;;;;
;;;;
;;;;
;;;;
;;;;
;;;;
;;;;
;;;;
;;;;
;;;;
;;;;
;;;;
;;;;
;;;;
;;;;
;;;;
;;;;
;;;;
;;;;
;;;;
;;;;
;;;;
;;;;
;;;;
;;;;
;;;;
;;;;
;;;;
;;;;
;;;;
;;;;
;;;;
;;;;
;;;;
;;;;
;;;;
;;;;
;;;;
;;;;
;;;;
;;;;
;;;;
;;;;
;;;;
;;;;
;;;;
;;;;
;;;;
;;;;
;;;;
;;;;
;;;;
;;;;
;;;;
;;;;
;;;;
;;;;
;;;;
;;;;
;;;;
;;;;
;;;;
;;;;
;;;;
;;;;
;;;;
;;;;
;;;;
;;;;
;;;;
;;;;
;;;;
;;;;
;;;;
;;;;
;;;;
;;;;
;;;;
;;;;
;;;;
;;;;
;;;;
;;;;
;;;;
;;;;
;;;;
;;;;
;;;;
;;;;
;;;;
;;;;
;;;;
;;;;
;;;;
;;;;
;;;;
;;;;
;;;;
;;;;
;;;;
;;;;
;;;;
;;;;
;;;;
;;;;
;;;;
;;;;
;;;;
;;;;
;;;;
;;;;
;;;;
;;;;
;;;;
;;;;
;;;;
;;;;
;;;;
;;;;
;;;;
;;;;
;;;;
;;;;
;;;;
;;;;
;;;;
;;;;
;;;;
;;;;
;;;;
;;;;
;;;;
;;;;
;;;;
;;;;
;;;;
;;;;
;;;;
;;;;
;;;;
;;;;
;;;;
;;;;
;;;;
;;;;
;;;;
;;;;
;;;;
;;;;
;;;;
;;;;
;;;;
;;;;
;;;;
;;;;
;;;;
;;;;
;;;;
;;;;
;;;;
;;;;
;;;;
;;;;
;;;;
;;;;
;;;;
;;;;
;;;;
;;;;
;;;;
;;;;
;;;;
;;;;
;;;;
;;;;
;;;;
;;;;
;;;;
;;;;
;;;;
;;;;
;;;;
;;;;
;;;;
;;;;
;;;;
;;;;
;;;;
;;;;
;;;;
;;;;
;;;;
;;;;
;;;;
;;;;
;;;;
;;;;
;;;;
;;;;
;;;;
;;;;
;;;;
;;;;
;;;;
;;;;
;;;;
;;;;
;;;;
;;;;
;;;;
;;;;
;;;;
;;;;
;;;;
;;;;
;;;;
;;;;
;;;;
;;;;
;;;;
;;;;
;;;;
;;;;
;;;;
;;;;
;;;;
;;;;
;;;;
;;;;
;;;;
;;;;
;;;;
;;;;
;;;;
;;;;
;;;;
;;;;
;;;;
;;;;
;;;;
;;;;
;;;;
;;;;
;;;;
;;;;
;;;;
;;;;
;;;;
;;;;
;;;;
;;;;
;;;;
;;;;
;;;;
;;;;
;;;;
;;;;
;;;;
;;;;
;;;;
;;;;
;;;;
;;;;
;;;;
;;;;
;;;;
;;;;
;;;;
;;;;
;;;;
;;;;
;;;;
;;;;
;;;;
;;;;
;;;;
;;;;
;;;;
;;;;
;;;;
;;;;
;;;;
;;;;
;;;;
;;;;
;;;;
;;;;
;;;;
;;;;
;;;;
;;;;
;;;;
;;;;
;;;;
;;;;
;;;;
;;;;
;;;;
;;;;
;;;;
;;;;
;;;;
;;;;
;;;;
;;;;
;;;;
;;;;
;;;;
;;;;
;;;;
;;;;
;;;;
;;;;
;;;;
;;;;
;;;;
;;;;
;;;;
;;;;
;;;;
;;;;
;;;;
;;;;
;;;;
;;;;
;;;;
;;;;
;;;;
;;;;
;;;;
;;;;
;;;;
;;;;
;;;;
;;;;
;;;;
;;;;
;;;;
;;;;
;;;;
;;;;
;;;;
;;;;
;;;;
;;;;
;;;;
;;;;
;;;;
;;;;
;;;;
;;;;
;;;;
;;;;
;;;;
;;;;
;;;;
;;;;
;;;;
;;;;
;;;;
;;;;
;;;;
;;;;
;;;;
;;;;
;;;;
;;;;
;;;;
;;;;
;;;;
;;;;
;;;;
;;;;
;;;;
;;;;
;;;;
;;;;
;;;;
;;;;
;;;;
;;;;
;;;;
;;;;
;;;;
;;;;
;;;;
;;;;
;;;;
;;;;
;;;;
;;;;
;;;;
;;;;
;;;;
;;;;
;;;;
;;;;
;;;;
;;;;
;;;;
;;;;
;;;;
;;;;
;;;;
;;;;
;;;;
;;;;
;;;;
;;;;
;;;;
;;;;
;;;;
;;;;
;;;;
;;;;
;;;;
;;;;
;;;;
;;;;
;;;;
;;;;
;;;;
;;;;
;;;;
;;;;
;;;;
;;;;
;;;;
;;;;
;;;;
;;;;
;;;;
;;;;
;;;;
;;;;
;;;;
;;;;
;;;;
;;;;
;;;;
;;;;
;;;;
;;;;
;;;;
;;;;
;;;;
;;;;
;;;;
;;;;
;;;;
;;;;
;;;;
;;;;
;;;;
;;;;
;;;;
;;;;
;;;;
;;;;
;;;;
;;;;
;;;;
;;;;
;;;;
;;;;
;;;;
;;;;
;;;;
;;;;
;;;;
;;;;
;;;;
;;;;
;;;;
;;;;
;;;;
;;;;
;;;;
;;;;
;;;;
;;;;
;;;;
IP;196.29.64.0/19;TT-CALI3-LACNIC;ALLOCATED;LACNIC
IP;200.3.148.0/22;CO-PUJA-LACNIC;ASSIGNED;LACNIC
IP;200.3.152.0/22;CO-PUJA-LACNIC;ASSIGNED;LACNIC
;;;;
;;;;
;;;;
IP;167.252.0.0/16;AR-CYMQ-LACNIC;ASSIGNED;LACNIC
;;;;
IP;200.14.84.0/22;CL-UDPO-LACNIC;ASSIGNED;LACNIC
IP;200.14.112.0/23;CO-EMCA-LACNIC;ASSIGNED;LACNIC
IP;192.188.55.0/24;EC-PUCE-LACNIC;ASSIGNED;LACNIC
IP;200.1.161.0/24;EC-UESA-LACNIC;ASSIGNED;LACNIC
IP;201.131.232.0/22;MX-AYVB-LACNIC;ASSIGNED;LACNIC
IP;200.2.92.0/23;CL-INDU-LACNIC;ASSIGNED;LACNIC
IP;200.33.65.0/24;MX-CIAC2-LACNIC;ASSIGNED;LACNIC
IP;148.237.0.0/16;MX-UATA1-LACNIC;ASSIGNED;LACNIC
IP;200.6.8.0/24;EC-MREX-LACNIC;ASSIGNED;LACNIC
IP;200.3.244.0/22;CO-PRSA-LACNIC;ASSIGNED;LACNIC
IP;148.227.0.0/16;MX-UASI-LACNIC;ASSIGNED;LACNIC
IP;200.12.140.0/23;CL-PSRP-LACNIC;ASSIGNED;LACNIC
IP;200.23.132.0/24;MX-CGTA-LACNIC;ASSIGNED;LACNIC
IP;200.33.60.0/24;MX-MCSC3-LACNIC;ASSIGNED;LACNIC
IP;200.10.184.0/24;CL-CAPJ-LACNIC;ASSIGNED;LACNIC
IP;200.23.52.0/24;MX-CIAC1-LACNIC;ASSIGNED;LACNIC
IP;200.23.55.0/24;MX-CIAC1-LACNIC;ASSIGNED;LACNIC
IP;200.33.18.0/24;MX-CIAC1-LACNIC;ASSIGNED;LACNIC
IP;200.33.119.0/24;MX-CIAC1-LACNIC;ASSIGNED;LACNIC
IP;200.33.120.0/24;MX-CIAC1-LACNIC;ASSIGNED;LACNIC
IP;200.33.7.0/24;MX-UABC-LACNIC;ASSIGNED;LACNIC
IP;200.33.8.0/24;MX-UABC-LACNIC;ASSIGNED;LACNIC
IP;192.100.161.0/24;MX-UABC-LACNIC;ASSIGNED;LACNIC
IP;200.10.220.0/22;CL-CASA-LACNIC;ASSIGNED;LACNIC
IP;200.33.29.0/24;MX-SPME-LACNIC;ASSIGNED;LACNIC
IP;200.33.160.0/22;MX-SREX-LACNIC;ASSIGNED;LACNIC
;;;;
IP;200.2.91.0/24;CL-LVFS-LACNIC;ASSIGNED;LACNIC
IP;200.2.72.0/21;CL-IASA1-LACNIC;ASSIGNED;LACNIC
IP;200.2.80.0/21;CL-IASA1-LACNIC;ASSIGNED;LACNIC
IP;200.2.64.0/21;CO-UCCO-LACNIC;ASSIGNED;LACNIC
IP;148.216.0.0/16;MX-UMSN-LACNIC;ASSIGNED;LACNIC
IP;148.226.0.0/16;MX-UNVE1-LACNIC;ASSIGNED;LACNIC
IP;200.34.143.0/24;MX-IMSS-LACNIC;ASSIGNED;LACNIC
IP;200.34.144.0/23;MX-IMSS-LACNIC;ASSIGNED;LACNIC
IP;200.1.64.0/19;CO-BBSA-LACNIC;ASSIGNED;LACNIC
IP;200.1.96.0/21;CO-BBSA-LACNIC;ASSIGNED;LACNIC
IP;200.0.144.0/23;CL-UOBI-LACNIC;ASSIGNED;LACNIC
IP;200.14.96.0/23;CL-UCLS-LACNIC;ASSIGNED;LACNIC
IP;200.2.99.0/24;CL-EISO-LACNIC;ASSIGNED;LACNIC
IP;200.16.86.0/24;AR-UCAR-LACNIC;ASSIGNED;LACNIC
IP;200.23.188.0/24;MX-ILLC-LACNIC;ASSIGNED;LACNIC
IP;200.1.32.0/19;AR-MJLN-LACNIC;ASSIGNED;LACNIC
IP;200.33.14.0/24;MX-CNDH-LACNIC;ASSIGNED;LACNIC
IP;200.23.166.0/24;MX-SEEN-LACNIC;ASSIGNED;LACNIC
IP;192.188.49.0/24;EC-UNLO-LACNIC;ASSIGNED;LACNIC
IP;192.188.48.0/24;EC-UNCU-LACNIC;ASSIGNED;LACNIC
IP;148.219.0.0/16;MX-UATL-LACNIC;ASSIGNED;LACNIC
IP;192.100.241.0/24;MX-VSCC-LACNIC;ASSIGNED;LACNIC
IP;192.100.242.0/23;MX-VSCC-LACNIC;ASSIGNED;LACNIC
IP;192.100.244.0/24;MX-VSCC-LACNIC;ASSIGNED;LACNIC
IP;192.100.164.0/24;MX-UQRO2-LACNIC;ASSIGNED;LACNIC
IP;200.23.176.0/24;MX-PGLR-LACNIC;ASSIGNED;LACNIC
IP;200.7.69.0/24;EC-HLVL-LACNIC;ASSIGNED;LACNIC
;;;;
IP;200.16.72.0/22;AR-MESA-LACNIC;ASSIGNED;LACNIC
IP;200.16.76.0/23;AR-MESA-LACNIC;ASSIGNED;LACNIC
IP;200.16.78.0/24;AR-MESA-LACNIC;ASSIGNED;LACNIC
IP;200.14.64.0/24;CL-UCLI-LACNIC;ASSIGNED;LACNIC
IP;200.34.208.0/23;MX-GRCE-LACNIC;ASSIGNED;LACNIC
IP;200.9.73.0/24;CL-UFTE-LACNIC;ASSIGNED;LACNIC
IP;168.255.0.0/16;MX-SEPU-LACNIC;ASSIGNED;LACNIC
;;;;
;;;;
IP;200.23.202.0/24;MX-UANL3-LACNIC;ASSIGNED;LACNIC
IP;148.234.0.0/16;MX-UANL3-LACNIC;ASSIGNED;LACNIC
IP;200.23.144.0/24;MX-SURI-LACNIC;ASSIGNED;LACNIC
IP;164.96.0.0/16;CL-SRCI-LACNIC;ASSIGNED;LACNIC
IP;200.14.108.0/23;CL-MIED-LACNIC;ASSIGNED;LACNIC
IP;200.0.184.0/24;AR-INTI-LACNIC;ASSIGNED;LACNIC
IP;200.3.113.0/24;AR-INTI-LACNIC;ASSIGNED;LACNIC
IP;200.10.161.0/24;AR-INTI-LACNIC;ASSIGNED;LACNIC
IP;200.9.196.0/23;CL-DCVA-LACNIC;ASSIGNED;LACNIC
IP;200.0.185.0/24;AR-SISA-LACNIC;ASSIGNED;LACNIC
IP;148.230.0.0/16;MX-UNAN-LACNIC;ASSIGNED;LACNIC
IP;200.0.165.0/24;PE-ININ-LACNIC;ASSIGNED;LACNIC
IP;200.9.79.0/24;CL-IASA-LACNIC;ALLOCATED;LACNIC
IP;200.9.80.0/24;CL-IASA-LACNIC;ALLOCATED;LACNIC
IP;170.25.0.0/16;MX-GFGB-LACNIC;ASSIGNED;LACNIC
IP;148.238.0.0/16;MX-UNMO2-LACNIC;ASSIGNED;LACNIC
IP;200.9.219.0/24;AR-IASA1-LACNIC;ASSIGNED;LACNIC
IP;200.34.164.0/22;MX-IFEL-LACNIC;ASSIGNED;LACNIC
IP;157.92.0.0/16;AR-UNBA-LACNIC;ASSIGNED;LACNIC
IP;200.33.176.0/24;MX-GEES-LACNIC;ASSIGNED;LACNIC
IP;200.23.222.0/23;MX-UNMA-LACNIC;ASSIGNED;LACNIC
IP;200.33.2.0/24;MX-BACS-LACNIC;ASSIGNED;LACNIC
IP;200.33.116.0/24;MX-AAAV-LACNIC;ASSIGNED;LACNIC
;;;;
;;;;
;;;;
;;;;
IP;200.23.53.0/24;MX-ITCE1-LACNIC;ASSIGNED;LACNIC
IP;200.23.168.0/23;MX-ITCE1-LACNIC;ASSIGNED;LACNIC
IP;200.23.170.0/24;MX-ITCE1-LACNIC;ASSIGNED;LACNIC
;;;;
;;;;
IP;200.23.204.0/24;MX-GFIX-LACNIC;ASSIGNED;LACNIC
IP;200.23.7.0/24;MX-ITSA-LACNIC;ASSIGNED;LACNIC
IP;200.23.51.0/24;MX-CNME-LACNIC;ASSIGNED;LACNIC
IP;200.1.131.0/24;CL-HJSA-LACNIC;ASSIGNED;LACNIC
IP;200.23.160.0/22;MX-CIBN-LACNIC;ASSIGNED;LACNIC
;;;;
IP;152.74.0.0/16;CL-UNCO-LACNIC;ASSIGNED;LACNIC
IP;200.10.207.0/24;AR-MREC-LACNIC;ASSIGNED;LACNIC
IP;140.191.0.0/16;AR-UNDP1-LACNIC;ASSIGNED;LACNIC
IP;200.23.94.0/24;MX-CSCV9-LACNIC;ASSIGNED;LACNIC
IP;200.34.195.0/24;MX-CSCV9-LACNIC;ASSIGNED;LACNIC
IP;200.4.144.0/20;MX-CRSC-LACNIC;ASSIGNED;LACNIC
IP;204.124.104.0/22;MX-CRSC-LACNIC;ASSIGNED;LACNIC
IP;192.100.183.0/24;MX-CRSC-LACNIC;ASSIGNED;LACNIC
;;;;
;;;;
IP;204.126.128.0/23;DO-BABH-LACNIC;ASSIGNED;LACNIC
IP;192.188.52.0/24;EC-UCSG-LACNIC;ASSIGNED;LACNIC
IP;200.23.130.0/24;MX-SIAP-LACNIC;ASSIGNED;LACNIC
IP;200.23.3.0/24;MX-NSCV-LACNIC;ASSIGNED;LACNIC
IP;200.34.112.0/20;MX-CEIT-LACNIC;ASSIGNED;LACNIC
IP;148.206.0.0/16;MX-UAME1-LACNIC;ASSIGNED;LACNIC
IP;200.2.112.0/21;CL-UACH1-LACNIC;ASSIGNED;LACNIC
IP;200.4.128.0/20;MX-UAGU1-LACNIC;ASSIGNED;LACNIC
IP;192.100.174.0/24;MX-CSCV49-LACNIC;ASSIGNED;LACNIC
IP;200.23.175.0/24;MX-UTLE-LACNIC;ASSIGNED;LACNIC
IP;200.23.164.0/24;MX-SELA-LACNIC;ASSIGNED;LACNIC
IP;200.23.198.0/23;MX-CNBY-LACNIC;ASSIGNED;LACNIC
IP;200.23.200.0/23;MX-CNBY-LACNIC;ASSIGNED;LACNIC
IP;207.248.96.0/22;MX-ASCO-LACNIC;ASSIGNED;LACNIC
IP;207.248.100.0/24;MX-ASCO-LACNIC;ASSIGNED;LACNIC
IP;200.9.201.0/24;CL-UACH-LACNIC;ASSIGNED;LACNIC
IP;200.34.168.0/24;MX-ESCV-LACNIC;ASSIGNED;LACNIC
IP;200.34.60.0/24;MX-SEPE-LACNIC;ASSIGNED;LACNIC
IP;200.33.35.0/24;MX-TCSC-LACNIC;ASSIGNED;LACNIC
IP;200.23.35.0/24;MX-CIEA-LACNIC;ASSIGNED;LACNIC
IP;207.248.118.0/23;MX-GEAG-LACNIC;ASSIGNED;LACNIC
IP;200.23.40.0/22;MX-GENL1-LACNIC;ASSIGNED;LACNIC
IP;200.33.182.0/24;MX-GENL1-LACNIC;ASSIGNED;LACNIC
;;;;
IP;200.23.6.0/24;MX-CIEO-LACNIC;ASSIGNED;LACNIC
IP;192.100.189.0/24;MX-CIMM-LACNIC;ASSIGNED;LACNIC
IP;148.201.0.0/16;MX-ITUN-LACNIC;ASSIGNED;LACNIC
IP;200.23.49.0/24;MX-ASFO-LACNIC;ASSIGNED;LACNIC
IP;200.0.111.0/24;MX-IIEL-LACNIC;ASSIGNED;LACNIC
IP;200.0.112.0/23;MX-IIEL-LACNIC;ASSIGNED;LACNIC
IP;200.4.0.0/21;MX-IIEL-LACNIC;ASSIGNED;LACNIC
IP;207.248.78.0/23;MX-CMSC48-LACNIC;ASSIGNED;LACNIC
IP;192.80.24.0/24;CL-UOCC-LACNIC;ASSIGNED;LACNIC
IP;200.2.88.0/23;CL-PROC-LACNIC;ASSIGNED;LACNIC
IP;66.231.64.0/20;CO-GIIN1-LACNIC;ALLOCATED;LACNIC
IP;200.23.20.0/24;MX-PUSC4-LACNIC;ASSIGNED;LACNIC
IP;200.33.240.0/22;MX-UAAA2-LACNIC;ASSIGNED;LACNIC
IP;200.33.244.0/23;MX-UAAA2-LACNIC;ASSIGNED;LACNIC
;;;;
IP;200.0.103.0/24;MX-UASU2-LACNIC;ASSIGNED;LACNIC
IP;200.0.104.0/23;MX-UASU2-LACNIC;ASSIGNED;LACNIC
IP;200.0.106.0/24;MX-UASU2-LACNIC;ASSIGNED;LACNIC
IP;200.10.244.0/24;MX-CIYD5-LACNIC;ASSIGNED;LACNIC
IP;200.23.156.0/24;MX-EDSC2-LACNIC;ASSIGNED;LACNIC
IP;200.33.124.0/24;MX-VSSA1-LACNIC;ASSIGNED;LACNIC
IP;200.34.196.0/23;MX-ISCV79-LACNIC;ASSIGNED;LACNIC
IP;200.23.171.0/24;MX-CESE2-LACNIC;ASSIGNED;LACNIC
IP;200.33.254.0/24;MX-ISCV80-LACNIC;ASSIGNED;LACNIC
IP;148.247.0.0/16;MX-CIYE6-LACNIC;ASSIGNED;LACNIC
IP;200.33.19.0/24;MX-IMSC31-LACNIC;ASSIGNED;LACNIC
IP;200.23.59.0/24;MX-GETA1-LACNIC;ASSIGNED;LACNIC
IP;200.13.64.0/20;MX-SOLA1-LACNIC;ASSIGNED;LACNIC
IP;200.23.138.0/24;MX-CISC17-LACNIC;ASSIGNED;LACNIC
IP;200.23.154.0/23;MX-TSCV47-LACNIC;ASSIGNED;LACNIC
IP;200.34.30.0/23;MX-TESC12-LACNIC;ASSIGNED;LACNIC
IP;200.23.16.0/23;MX-CDRP1-LACNIC;ASSIGNED;LACNIC
IP;200.33.24.0/24;MX-GRNE1-LACNIC;ASSIGNED;LACNIC
IP;200.23.105.0/24;MX-ATGU1-LACNIC;ASSIGNED;LACNIC
IP;207.248.72.0/23;MX-SDSC4-LACNIC;ASSIGNED;LACNIC
IP;148.248.0.0/16;MX-GFIS4-LACNIC;ASSIGNED;LACNIC
IP;200.33.170.0/24;MX-CSCV71-LACNIC;ASSIGNED;LACNIC
IP;200.23.114.0/24;MX-UTNE2-LACNIC;ASSIGNED;LACNIC
IP;204.89.206.0/24;MX-TIIS1-LACNIC;ASSIGNED;LACNIC
IP;207.248.82.0/23;MX-TSCV48-LACNIC;ASSIGNED;LACNIC
IP;207.248.84.0/24;MX-TSCV48-LACNIC;ASSIGNED;LACNIC
IP;200.9.8.0/21;MX-RCMS5-LACNIC;ASSIGNED;LACNIC
;;;;
;;;;
;;;;
IP;200.0.84.0/24;MX-VEME1-LACNIC;ASSIGNED;LACNIC
IP;200.0.83.0/24;MX-REIN5-LACNIC;ASSIGNED;LACNIC
IP;200.0.95.0/24;MX-KMSC9-LACNIC;ASSIGNED;LACNIC
IP;200.12.128.0/24;MX-SAPS4-LACNIC;ASSIGNED;LACNIC
IP;200.10.212.0/22;MX-CSCV72-LACNIC;ASSIGNED;LACNIC
IP;200.10.216.0/23;MX-CSCV72-LACNIC;ASSIGNED;LACNIC
IP;200.10.218.0/24;MX-CSCV72-LACNIC;ASSIGNED;LACNIC
IP;200.10.143.0/24;MX-CNIY2-LACNIC;ASSIGNED;LACNIC
IP;200.10.197.0/24;MX-SACV1-LACNIC;ASSIGNED;LACNIC
IP;200.10.198.0/24;MX-PMSC20-LACNIC;ASSIGNED;LACNIC
IP;200.12.165.0/24;MX-TUSC5-LACNIC;ASSIGNED;LACNIC
IP;200.13.80.0/23;MX-TUSC5-LACNIC;ASSIGNED;LACNIC
IP;200.13.82.0/24;MX-TUSC5-LACNIC;ASSIGNED;LACNIC
IP;200.13.33.0/24;MX-ININ8-LACNIC;ASSIGNED;LACNIC
IP;200.0.109.0/24;MX-IMAC2-LACNIC;ASSIGNED;LACNIC
IP;200.13.128.0/22;MX-SCYT9-LACNIC;ASSIGNED;LACNIC
IP;200.13.36.0/24;MX-IMTA1-LACNIC;ASSIGNED;LACNIC
IP;200.13.37.0/24;MX-LSIN1-LACNIC;ASSIGNED;LACNIC
IP;200.34.156.0/24;MX-ISME3-LACNIC;ASSIGNED;LACNIC
IP;200.23.66.0/24;MX-UTAG2-LACNIC;ASSIGNED;LACNIC
IP;200.10.240.0/24;MX-USBO1-LACNIC;ASSIGNED;LACNIC
IP;200.13.35.0/24;MX-IMTR1-LACNIC;ASSIGNED;LACNIC
IP;200.0.133.0/24;MX-MCSC18-LACNIC;ASSIGNED;LACNIC
IP;200.23.2.0/24;MX-MCSC18-LACNIC;ASSIGNED;LACNIC
IP;200.23.4.0/24;MX-UVAT1-LACNIC;ASSIGNED;LACNIC
IP;200.4.32.0/20;MX-PRSU1-LACNIC;ASSIGNED;LACNIC
IP;200.4.11.0/24;MX-VSCV19-LACNIC;ASSIGNED;LACNIC
IP;200.23.12.0/22;MX-NIFS2-LACNIC;ASSIGNED;LACNIC
IP;200.23.39.0/24;MX-ITLE4-LACNIC;ASSIGNED;LACNIC
IP;200.23.44.0/23;MX-CNCE1-LACNIC;ASSIGNED;LACNIC
IP;200.23.46.0/24;MX-IVYC1-LACNIC;ASSIGNED;LACNIC
IP;200.23.36.0/23;MX-DSCV38-LACNIC;ASSIGNED;LACNIC
;;;;
;;;;
IP;200.4.14.0/23;MX-UAVE1-LACNIC;ASSIGNED;LACNIC
IP;200.4.52.0/24;MX-PSSC7-LACNIC;ASSIGNED;LACNIC
IP;200.4.64.0/22;MX-AELE1-LACNIC;ASSIGNED;LACNIC
IP;200.23.48.0/24;MX-ITHE1-LACNIC;ASSIGNED;LACNIC
IP;200.23.50.0/24;MX-ICEE1-LACNIC;ASSIGNED;LACNIC
IP;200.23.56.0/24;MX-CIQR1-LACNIC;ASSIGNED;LACNIC
IP;200.23.58.0/24;MX-CIYE8-LACNIC;ASSIGNED;LACNIC
IP;200.4.53.0/24;MX-HEIN2-LACNIC;ASSIGNED;LACNIC
IP;200.4.54.0/24;MX-HEIN2-LACNIC;ASSIGNED;LACNIC
IP;200.4.55.0/24;MX-VSSC3-LACNIC;ASSIGNED;LACNIC
IP;200.4.58.0/24;MX-ULMA1-LACNIC;ASSIGNED;LACNIC
IP;200.4.60.0/22;MX-FEMS7-LACNIC;ASSIGNED;LACNIC
IP;200.23.137.0/24;MX-SCSC8-LACNIC;ASSIGNED;LACNIC
IP;200.23.136.0/24;MX-ASCV62-LACNIC;ASSIGNED;LACNIC
IP;200.23.133.0/24;MX-CBMO2-LACNIC;ASSIGNED;LACNIC
IP;200.23.54.0/24;MX-IOSC8-LACNIC;ASSIGNED;LACNIC
IP;200.23.210.0/23;MX-IMSC32-LACNIC;ASSIGNED;LACNIC
;;;;
IP;200.23.124.0/24;MX-UCCO1-LACNIC;ASSIGNED;LACNIC
IP;200.23.125.0/24;MX-UJED1-LACNIC;ASSIGNED;LACNIC
IP;200.23.126.0/24;MX-ITAG2-LACNIC;ASSIGNED;LACNIC
IP;200.23.67.0/24;MX-PRIN90-LACNIC;ASSIGNED;LACNIC
IP;200.23.141.0/24;MX-TSCV51-LACNIC;ASSIGNED;LACNIC
IP;200.23.123.0/24;MX-OLPL1-LACNIC;ASSIGNED;LACNIC
IP;200.23.127.0/24;MX-SNTL5-LACNIC;ASSIGNED;LACNIC
IP;200.23.82.0/24;MX-ISCV92-LACNIC;ASSIGNED;LACNIC
IP;200.23.83.0/24;MX-UNNO1-LACNIC;ASSIGNED;LACNIC
IP;200.23.86.0/24;MX-AMSC46-LACNIC;ASSIGNED;LACNIC
IP;200.23.89.0/24;MX-ROIN1-LACNIC;ASSIGNED;LACNIC
IP;200.23.95.0/24;MX-MPCS2-LACNIC;ASSIGNED;LACNIC
IP;200.23.104.0/24;MX-CISC22-LACNIC;ASSIGNED;LACNIC
IP;200.23.106.0/24;MX-IRMS3-LACNIC;ASSIGNED;LACNIC
IP;200.23.142.0/24;MX-SRMU1-LACNIC;ASSIGNED;LACNIC
IP;200.23.131.0/24;MX-ECSC14-LACNIC;ASSIGNED;LACNIC
IP;200.23.74.0/24;MX-UTTA1-LACNIC;ASSIGNED;LACNIC
IP;200.23.92.0/23;MX-DATA7-LACNIC;ASSIGNED;LACNIC
IP;200.23.96.0/21;MX-COMI3-LACNIC;ASSIGNED;LACNIC
;;;;
IP;200.23.240.0/21;MX-TMSA1-LACNIC;ASSIGNED;LACNIC
;;;;
;;;;
;;;;
;;;;
;;;;
;;;;
;;;;
IP;200.23.120.0/24;MX-ITAI1-LACNIC;ASSIGNED;LACNIC
IP;200.23.121.0/24;MX-IBSC3-LACNIC;ASSIGNED;LACNIC
IP;200.23.122.0/24;MX-ITLE5-LACNIC;ASSIGNED;LACNIC
IP;200.23.110.0/24;MX-UANA2-LACNIC;ASSIGNED;LACNIC
IP;200.23.112.0/24;MX-UANA2-LACNIC;ASSIGNED;LACNIC
IP;200.23.88.0/24;MX-RPSS1-LACNIC;ASSIGNED;LACNIC
IP;200.33.15.0/24;MX-UNOC1-LACNIC;ASSIGNED;LACNIC
IP;200.33.16.0/24;MX-UNOC1-LACNIC;ASSIGNED;LACNIC
IP;200.33.106.0/24;MX-GRGI1-LACNIC;ASSIGNED;LACNIC
IP;200.33.107.0/24;MX-IMCO4-LACNIC;ASSIGNED;LACNIC
IP;200.33.17.0/24;MX-CIYA4-LACNIC;ASSIGNED;LACNIC
IP;200.33.21.0/24;MX-CSCV74-LACNIC;ASSIGNED;LACNIC
IP;200.23.33.0/24;MX-IXSC2-LACNIC;ASSIGNED;LACNIC
IP;200.33.22.0/24;MX-DDFE1-LACNIC;ASSIGNED;LACNIC
IP;200.23.192.0/22;MX-BCDS1-LACNIC;ASSIGNED;LACNIC
IP;200.23.196.0/23;MX-BCDS1-LACNIC;ASSIGNED;LACNIC
IP;200.33.23.0/24;MX-CISC23-LACNIC;ASSIGNED;LACNIC
IP;200.4.9.0/24;MX-LSLI1-LACNIC;ASSIGNED;LACNIC
IP;200.33.118.0/24;MX-PCSC10-LACNIC;ASSIGNED;LACNIC
IP;200.33.122.0/24;MX-CNCS1-LACNIC;ASSIGNED;LACNIC
IP;200.33.123.0/24;MX-CIEC2-LACNIC;ASSIGNED;LACNIC
IP;200.33.168.0/24;MX-CYDE1-LACNIC;ASSIGNED;LACNIC
IP;200.33.30.0/24;MX-UACA4-LACNIC;ASSIGNED;LACNIC
IP;200.33.171.0/24;MX-ITMO2-LACNIC;ASSIGNED;LACNIC
IP;200.33.172.0/24;MX-CIME7-LACNIC;ASSIGNED;LACNIC
IP;200.33.204.0/24;MX-CIME7-LACNIC;ASSIGNED;LACNIC
IP;200.33.32.0/24;MX-ITVI1-LACNIC;ASSIGNED;LACNIC
IP;200.33.33.0/24;MX-MCSC19-LACNIC;ASSIGNED;LACNIC
IP;200.33.34.0/24;MX-ICSC25-LACNIC;ASSIGNED;LACNIC
IP;200.33.5.0/24;MX-CEIS1-LACNIC;ASSIGNED;LACNIC
IP;200.4.72.0/21;MX-MSRL1-LACNIC;ASSIGNED;LACNIC
IP;200.33.38.0/24;MX-MYCM1-LACNIC;ASSIGNED;LACNIC
IP;200.33.39.0/24;MX-MSSC9-LACNIC;ASSIGNED;LACNIC
IP;200.33.41.0/24;MX-EPFP1-LACNIC;ASSIGNED;LACNIC
IP;200.33.37.0/24;MX-OSAC1-LACNIC;ASSIGNED;LACNIC
IP;200.33.36.0/24;MX-BAYN1-LACNIC;ASSIGNED;LACNIC
IP;200.33.43.0/24;MX-ITNO1-LACNIC;ASSIGNED;LACNIC
IP;200.33.44.0/24;MX-BYAS3-LACNIC;ASSIGNED;LACNIC
IP;200.33.45.0/24;MX-ECCS3-LACNIC;ASSIGNED;LACNIC
IP;200.33.47.0/24;MX-MCSC20-LACNIC;ASSIGNED;LACNIC
IP;200.33.46.0/24;MX-IELS3-LACNIC;ASSIGNED;LACNIC
IP;200.23.208.0/24;MX-TVSC1-LACNIC;ASSIGNED;LACNIC
IP;200.33.49.0/24;MX-PLRE4-LACNIC;ASSIGNED;LACNIC
IP;200.33.121.0/24;MX-WTCV1-LACNIC;ASSIGNED;LACNIC
IP;200.33.52.0/24;MX-FFYA1-LACNIC;ASSIGNED;LACNIC
IP;200.33.53.0/24;MX-CDMS9-LACNIC;ASSIGNED;LACNIC
IP;200.33.55.0/24;MX-BNCI1-LACNIC;ASSIGNED;LACNIC
IP;200.33.58.0/24;MX-FISI1-LACNIC;ASSIGNED;LACNIC
IP;200.33.64.0/24;MX-MEXI6-LACNIC;ASSIGNED;LACNIC
IP;200.33.66.0/24;MX-GRSC7-LACNIC;ASSIGNED;LACNIC
IP;200.33.59.0/24;MX-DUXX1-LACNIC;ASSIGNED;LACNIC
IP;200.33.69.0/24;MX-NSCV46-LACNIC;ASSIGNED;LACNIC
IP;200.33.72.0/24;MX-ITAG3-LACNIC;ASSIGNED;LACNIC
IP;200.33.73.0/24;MX-CICC1-LACNIC;ASSIGNED;LACNIC
IP;200.34.24.0/22;MX-ACCO3-LACNIC;ASSIGNED;LACNIC
IP;200.34.28.0/24;MX-ACCO3-LACNIC;ASSIGNED;LACNIC
IP;200.23.151.0/24;MX-SCYT10-LACNIC;ASSIGNED;LACNIC
IP;200.33.75.0/24;MX-TDIS2-LACNIC;ASSIGNED;LACNIC
IP;200.33.173.0/24;MX-IUPU1-LACNIC;ASSIGNED;LACNIC
IP;200.33.70.0/23;MX-BANC4-LACNIC;ASSIGNED;LACNIC
;;;;
IP;200.33.179.0/24;MX-MANG1-LACNIC;ASSIGNED;LACNIC
IP;200.33.181.0/24;MX-ITOR1-LACNIC;ASSIGNED;LACNIC
IP;200.33.183.0/24;MX-SOMU1-LACNIC;ASSIGNED;LACNIC
IP;200.33.184.0/24;MX-EPSA2-LACNIC;ASSIGNED;LACNIC
IP;200.33.205.0/24;MX-ACBO1-LACNIC;ASSIGNED;LACNIC
IP;200.33.76.0/24;MX-CAMC1-LACNIC;ASSIGNED;LACNIC
IP;200.33.180.0/24;MX-ACEB1-LACNIC;ASSIGNED;LACNIC
IP;200.33.185.0/24;MX-SCYA2-LACNIC;ASSIGNED;LACNIC
IP;200.33.207.0/24;MX-CMCA1-LACNIC;ASSIGNED;LACNIC
IP;200.33.248.0/24;MX-DIPU1-LACNIC;ASSIGNED;LACNIC
IP;200.33.250.0/24;MX-INTE41-LACNIC;ASSIGNED;LACNIC
IP;200.33.251.0/24;MX-PLRM1-LACNIC;ASSIGNED;LACNIC
IP;200.33.252.0/24;MX-METV1-LACNIC;ASSIGNED;LACNIC
IP;200.0.143.0/24;MX-FOFO1-LACNIC;ASSIGNED;LACNIC
IP;200.23.173.0/24;MX-SSCV72-LACNIC;ASSIGNED;LACNIC
IP;200.23.177.0/24;MX-ASCV68-LACNIC;ASSIGNED;LACNIC
IP;200.23.172.0/24;MX-CSCV75-LACNIC;ASSIGNED;LACNIC
IP;200.34.56.0/22;MX-CSCV75-LACNIC;ASSIGNED;LACNIC
IP;200.23.165.0/24;MX-GSCV35-LACNIC;ASSIGNED;LACNIC
IP;200.23.167.0/24;MX-CUHM1-LACNIC;ASSIGNED;LACNIC
IP;200.23.178.0/24;MX-UNHI1-LACNIC;ASSIGNED;LACNIC
IP;200.23.190.0/23;MX-OOSC1-LACNIC;ASSIGNED;LACNIC
IP;200.23.174.0/24;MX-CTIS1-LACNIC;ASSIGNED;LACNIC
IP;200.34.20.0/23;MX-CIUM1-LACNIC;ASSIGNED;LACNIC
;;;;
;;;;
IP;200.34.62.0/24;MX-CASC28-LACNIC;ASSIGNED;LACNIC
IP;200.34.129.0/24;MX-CNSC9-LACNIC;ASSIGNED;LACNIC
IP;200.34.63.0/24;MX-RIOG1-LACNIC;ASSIGNED;LACNIC
IP;200.34.130.0/24;MX-ITDU1-LACNIC;ASSIGNED;LACNIC
IP;200.34.132.0/24;MX-INES3-LACNIC;ASSIGNED;LACNIC
IP;200.34.135.0/24;MX-LMSC12-LACNIC;ASSIGNED;LACNIC
IP;205.166.251.0/24;MX-AMSA3-LACNIC;ASSIGNED;LACNIC
IP;200.34.136.0/23;MX-ASSC10-LACNIC;ASSIGNED;LACNIC
IP;200.34.131.0/24;MX-NSCV47-LACNIC;ASSIGNED;LACNIC
IP;200.23.184.0/24;MX-HSSC2-LACNIC;ASSIGNED;LACNIC
IP;200.34.139.0/24;MX-SIHS3-LACNIC;ASSIGNED;LACNIC
IP;200.34.138.0/24;MX-CNSC10-LACNIC;ASSIGNED;LACNIC
IP;200.34.146.0/23;MX-ASCV70-LACNIC;ASSIGNED;LACNIC
;;;;
;;;;
IP;200.34.148.0/24;MX-GPSC11-LACNIC;ASSIGNED;LACNIC
IP;200.34.151.0/24;MX-MCSC21-LACNIC;ASSIGNED;LACNIC
IP;200.34.150.0/24;MX-CDMS10-LACNIC;ASSIGNED;LACNIC
IP;200.34.149.0/24;MX-ITCU1-LACNIC;ASSIGNED;LACNIC
IP;200.34.204.0/24;MX-UTCO5-LACNIC;ASSIGNED;LACNIC
IP;200.34.207.0/24;MX-CCBS1-LACNIC;ASSIGNED;LACNIC
IP;200.34.211.0/24;MX-SSCV73-LACNIC;ASSIGNED;LACNIC
IP;200.34.212.0/24;MX-GCIS2-LACNIC;ASSIGNED;LACNIC
IP;200.34.213.0/24;MX-SSCV74-LACNIC;ASSIGNED;LACNIC
IP;200.34.214.0/24;MX-GNSC4-LACNIC;ASSIGNED;LACNIC
IP;200.34.223.0/24;MX-CESE3-LACNIC;ASSIGNED;LACNIC
IP;200.34.192.0/24;MX-EDGS1-LACNIC;ASSIGNED;LACNIC
IP;200.34.29.0/24;MX-CASY1-LACNIC;ASSIGNED;LACNIC
IP;200.34.198.0/24;MX-NNIE1-LACNIC;ASSIGNED;LACNIC
IP;200.34.199.0/24;MX-VSTE1-LACNIC;ASSIGNED;LACNIC
IP;200.34.193.0/24;MX-CCEX1-LACNIC;ASSIGNED;LACNIC
IP;200.34.159.0/24;MX-HSJM2-LACNIC;ASSIGNED;LACNIC
IP;200.33.187.0/24;MX-CREA1-LACNIC;ASSIGNED;LACNIC
IP;200.34.169.0/24;MX-INME11-LACNIC;ASSIGNED;LACNIC
IP;200.34.170.0/24;MX-CNSC11-LACNIC;ASSIGNED;LACNIC
IP;200.36.64.0/19;MX-IGNM1-LACNIC;ASSIGNED;LACNIC
;;;;
;;;;
;;;;
;;;;
;;;;
;;;;
;;;;
;;;;
;;;;
;;;;
IP;200.34.174.0/24;MX-USET1-LACNIC;ASSIGNED;LACNIC
IP;200.33.238.0/23;MX-SFEC1-LACNIC;ASSIGNED;LACNIC
IP;204.80.143.0/24;MX-CIYD7-LACNIC;ASSIGNED;LACNIC
IP;207.248.88.0/22;MX-CSCV76-LACNIC;ASSIGNED;LACNIC
IP;200.34.158.0/24;MX-ERHU1-LACNIC;ASSIGNED;LACNIC
IP;200.33.77.0/24;MX-NMSC23-LACNIC;ASSIGNED;LACNIC
IP;200.33.78.0/24;MX-NMSC23-LACNIC;ASSIGNED;LACNIC
IP;207.248.120.0/24;MX-ITNL2-LACNIC;ASSIGNED;LACNIC
IP;207.248.114.0/23;MX-SCSC10-LACNIC;ASSIGNED;LACNIC
IP;204.58.136.0/22;MX-GFMA1-LACNIC;ASSIGNED;LACNIC
IP;148.229.0.0/16;MX-UACH7-LACNIC;ASSIGNED;LACNIC
IP;148.208.0.0/16;MX-SEIT3-LACNIC;ASSIGNED;LACNIC
IP;148.217.0.0/16;MX-UAZA1-LACNIC;ASSIGNED;LACNIC
IP;148.203.0.0/16;MX-VMSC13-LACNIC;ASSIGNED;LACNIC
IP;198.151.132.0/24;MX-ANSY1-LACNIC;ASSIGNED;LACNIC
IP;192.100.213.0/24;MX-CECC2-LACNIC;ASSIGNED;LACNIC
IP;192.100.159.0/24;MX-CIEQ1-LACNIC;ASSIGNED;LACNIC
IP;192.100.204.0/24;MX-CMIE1-LACNIC;ASSIGNED;LACNIC
IP;192.100.190.0/24;MX-HOIS1-LACNIC;ASSIGNED;LACNIC
IP;192.100.208.0/24;MX-HYLS3-LACNIC;ASSIGNED;LACNIC
IP;192.148.175.0/24;MX-TEME21-LACNIC;ASSIGNED;LACNIC
IP;192.100.155.0/24;MX-TEER1-LACNIC;ASSIGNED;LACNIC
IP;200.5.128.0/18;VE-CPCA-LACNIC;ASSIGNED;LACNIC
;;;;
;;;;
;;;;
;;;;
IP;192.188.47.0/24;EC-UNAZ-LACNIC;ASSIGNED;LACNIC
IP;167.134.0.0/16;VE-PESA-LACNIC;ASSIGNED;LACNIC
IP;129.90.0.0/16;VE-INSA1-LACNIC;ASSIGNED;LACNIC
IP;200.1.164.0/22;VE-COSA-LACNIC;ASSIGNED;LACNIC
IP;200.1.168.0/22;VE-COSA-LACNIC;ASSIGNED;LACNIC
IP;200.1.184.0/21;VE-COSA-LACNIC;ASSIGNED;LACNIC
IP;200.5.40.0/21;VE-CIED-LACNIC;ASSIGNED;LACNIC
IP;200.1.144.0/21;VE-GEIN-LACNIC;ASSIGNED;LACNIC
IP;162.122.0.0/16;VE-MASA-LACNIC;ASSIGNED;LACNIC
IP;168.243.0.0/16;SV-SVNE-LACNIC;ASSIGNED;LACNIC
;;;;
IP;200.229.16.0/20;BR-JILT1-LACNIC;ALLOCATED;LACNIC
IP;200.194.224.0/21;BR-MILT4-LACNIC;ALLOCATED;LACNIC
IP;200.219.142.0/24;BR-MILT4-LACNIC;ALLOCATED;LACNIC
;;;;
IP;200.152.64.0/20;BR-TILT3-LACNIC;ALLOCATED;LACNIC
IP;200.192.240.0/21;BR-TILT3-LACNIC;ALLOCATED;LACNIC
;;;;
;;;;
;;;;
;;;;
;;;;
IP;200.189.96.0/20;BR-AMTL1-LACNIC;ALLOCATED;LACNIC
;;;;
IP;200.192.80.0/20;BR-AOBL-LACNIC;ALLOCATED;LACNIC
IP;200.237.96.0/20;BR-AOBL-LACNIC;ALLOCATED;LACNIC
;;;;
IP;200.225.32.0/19;BR-CPSI-LACNIC;ALLOCATED;LACNIC
;;;;
IP;200.152.224.0/20;BR-HBBS1-LACNIC;ASSIGNED;LACNIC
;;;;
;;;;
;;;;
;;;;
;;;;
;;;;
IP;200.215.128.0/19;BR-IASA1-LACNIC;ALLOCATED;LACNIC
IP;200.189.16.0/20;BR-BILT10-LACNIC;ALLOCATED;LACNIC
IP;200.194.240.0/21;BR-BILT10-LACNIC;ALLOCATED;LACNIC
IP;200.229.64.0/20;BR-ICEP2-LACNIC;ASSIGNED;LACNIC
IP;200.14.35.0/24;BR-ICEP2-LACNIC;ASSIGNED;LACNIC
IP;200.14.32.0/23;BR-ICEP2-LACNIC;ASSIGNED;LACNIC
;;;;
;;;;
;;;;
;;;;
;;;;
;;;;
;;;;
;;;;
;;;;
;;;;
;;;;
;;;;
IP;200.6.43.0/24;BR-FVEN-LACNIC;ASSIGNED;LACNIC
;;;;
;;;;
;;;;
;;;;
;;;;
;;;;
;;;;
;;;;
;;;;
;;;;
;;;;
;;;;
;;;;
;;;;
;;;;
IP;200.218.0.0/19;BR-UBST-LACNIC;ALLOCATED;LACNIC
;;;;
IP;200.215.224.0/20;BR-GCSL4-LACNIC;ALLOCATED;LACNIC
IP;200.162.144.0/20;BR-ASDA-LACNIC;ALLOCATED;LACNIC
;;;;
;;;;
;;;;
;;;;
;;;;
IP;200.150.240.0/20;BR-ATSA1-LACNIC;ALLOCATED;LACNIC
IP;200.189.64.0/20;BR-ATSA1-LACNIC;ALLOCATED;LACNIC
IP;200.202.64.0/19;BR-BHSL1-LACNIC;ALLOCATED;LACNIC
;;;;
;;;;
IP;200.192.112.0/20;BR-PPCC-LACNIC;ASSIGNED;LACNIC
IP;200.187.112.0/20;BR-NISL2-LACNIC;ALLOCATED;LACNIC
;;;;
IP;200.229.32.0/20;BR-SMCU1-LACNIC;ASSIGNED;LACNIC
;;;;
IP;200.236.128.0/18;BR-FDPE-LACNIC;ASSIGNED;LACNIC
IP;200.238.192.0/18;BR-FDPE-LACNIC;ASSIGNED;LACNIC
;;;;
;;;;
;;;;
;;;;
IP;200.219.128.0/23;BR-CCDS-LACNIC;ASSIGNED;LACNIC
;;;;
;;;;
;;;;
;;;;
;;;;
;;;;
;;;;
IP;187.115.92.120/29;BR-CCDS-LACNIC; ;LACNIC
IP;200.178.7.64/28;BR-CCDS-LACNIC; ;LACNIC
IP;200.178.123.0/26;BR-CCDS-LACNIC; ;LACNIC
IP;200.178.123.64/26;BR-CCDS-LACNIC; ;LACNIC
;;;;
;;;;
IP;200.160.176.0/20;BR-TCSA4-LACNIC;ALLOCATED;LACNIC
;;;;
IP;200.189.0.0/21;BR-CDLB2-LACNIC;ASSIGNED;LACNIC
;;;;
IP;200.155.192.0/18;BR-VSPS1-LACNIC;ALLOCATED;LACNIC
IP;200.170.0.0/18;BR-VSPS1-LACNIC;ALLOCATED;LACNIC
;;;;
;;;;
;;;;
;;;;
IP;200.218.32.0/19;BR-VSPS1-LACNIC;ALLOCATED;LACNIC
;;;;
;;;;
;;;;
;;;;
;;;;
;;;;
;;;;
;;;;
IP;200.220.160.0/20;BR-PDAF-LACNIC;ALLOCATED;LACNIC
;;;;
;;;;
;;;;
;;;;
;;;;
IP;200.142.0.0/18;BR-MPFP-LACNIC;ASSIGNED;LACNIC
;;;;
;;;;
;;;;
;;;;
;;;;
;;;;
;;;;
;;;;
;;;;
;;;;
;;;;
;;;;
;;;;
;;;;
;;;;
;;;;
;;;;
;;;;
;;;;
;;;;
;;;;
;;;;
;;;;
;;;;
;;;;
;;;;
;;;;
;;;;
;;;;
;;;;
;;;;
;;;;
;;;;
;;;;
;;;;
;;;;
;;;;
;;;;
;;;;
;;;;
;;;;
;;;;
;;;;
;;;;
;;;;
;;;;
;;;;
;;;;
;;;;
;;;;
;;;;
;;;;
;;;;
;;;;
;;;;
;;;;
;;;;
;;;;
;;;;
;;;;
;;;;
;;;;
;;;;
;;;;
;;;;
;;;;
;;;;
;;;;
;;;;
;;;;
;;;;
;;;;
;;;;
;;;;
;;;;
;;;;
;;;;
;;;;
;;;;
;;;;
;;;;
;;;;
;;;;
;;;;
;;;;
;;;;
;;;;
;;;;
;;;;
;;;;
;;;;
;;;;
;;;;
;;;;
;;;;
;;;;
;;;;
;;;;
;;;;
;;;;
;;;;
;;;;
;;;;
;;;;
;;;;
;;;;
;;;;
;;;;
;;;;
;;;;
;;;;
;;;;
;;;;
;;;;
;;;;
;;;;
;;;;
;;;;
;;;;
;;;;
;;;;
;;;;
;;;;
;;;;
;;;;
;;;;
;;;;
;;;;
;;;;
;;;;
;;;;
;;;;
;;;;
;;;;
;;;;
;;;;
;;;;
;;;;
;;;;
;;;;
;;;;
;;;;
;;;;
;;;;
;;;;
;;;;
;;;;
;;;;
;;;;
;;;;
;;;;
;;;;
;;;;
;;;;
;;;;
;;;;
;;;;
;;;;
;;;;
;;;;
;;;;
;;;;
;;;;
;;;;
;;;;
;;;;
;;;;
;;;;
;;;;
;;;;
;;;;
;;;;
;;;;
;;;;
;;;;
;;;;
;;;;
;;;;
;;;;
;;;;
;;;;
;;;;
;;;;
;;;;
;;;;
;;;;
;;;;
;;;;
;;;;
;;;;
;;;;
;;;;
;;;;
;;;;
;;;;
;;;;
IP;200.152.128.0/19;BR-BSIS-LACNIC;ALLOCATED;LACNIC
IP;200.218.192.0/20;BR-AAIR-LACNIC;ALLOCATED;LACNIC
;;;;
IP;200.9.175.0/24;BR-FBNA-LACNIC;ASSIGNED;LACNIC
;;;;
IP;200.160.208.0/20;BR-CNSY-LACNIC;ALLOCATED;LACNIC
;;;;
;;;;
;;;;
;;;;
;;;;
IP;146.164.0.0/16;BR-UFRJ1-LACNIC;ASSIGNED;LACNIC
IP;192.80.209.0/24;BR-UFRJ1-LACNIC;ASSIGNED;LACNIC
;;;;
IP;200.142.208.0/20;BR-NISL4-LACNIC;ALLOCATED;LACNIC
IP;200.219.136.0/23;BR-BESC1-LACNIC;ASSIGNED;LACNIC
;;;;
IP;200.197.0.0/16;BR-EQBR1-LACNIC;ALLOCATED;LACNIC
IP;200.224.0.0/16;BR-EQBR1-LACNIC;ALLOCATED;LACNIC
IP;200.240.0.0/19;BR-EQBR1-LACNIC;ALLOCATED;LACNIC
IP;200.240.32.0/19;BR-EQBR1-LACNIC;ALLOCATED;LACNIC
IP;200.240.64.0/18;BR-EQBR1-LACNIC;ALLOCATED;LACNIC
IP;200.240.128.0/18;BR-EQBR1-LACNIC;ALLOCATED;LACNIC
IP;200.240.192.0/19;BR-EQBR1-LACNIC;ALLOCATED;LACNIC
;;;;
;;;;
;;;;
;;;;
;;;;
;;;;
;;;;
;;;;
;;;;
;;;;
;;;;
;;;;
;;;;
;;;;
;;;;
;;;;
;;;;
;;;;
;;;;
;;;;
;;;;
;;;;
;;;;
;;;;
;;;;
;;;;
;;;;
;;;;
;;;;
;;;;
;;;;
;;;;
;;;;
;;;;
;;;;
;;;;
;;;;
;;;;
;;;;
;;;;
;;;;
;;;;
;;;;
;;;;
;;;;
;;;;
;;;;
IP;200.202.32.0/19;BR-SSIL12-LACNIC;ALLOCATED;LACNIC
;;;;
;;;;
;;;;
;;;;
IP;200.234.128.0/18;BR-MTLN-LACNIC;ALLOCATED;LACNIC
IP;200.239.192.0/18;BR-MTLN-LACNIC;ALLOCATED;LACNIC
IP;150.165.0.0/16;BR-UFCG1-LACNIC;ASSIGNED;LACNIC
;;;;
;;;;
;;;;
;;;;
;;;;
IP;200.187.0.0/18;BR-CPDE4-LACNIC;ALLOCATED;LACNIC
;;;;
;;;;
;;;;
;;;;
;;;;
;;;;
;;;;
;;;;
;;;;
IP;200.9.149.0/24;BR-CFET6-LACNIC;ASSIGNED;LACNIC
IP;200.236.32.0/19;BR-FAUF-LACNIC;ASSIGNED;LACNIC
IP;200.238.0.0/18;BR-FAUF-LACNIC;ASSIGNED;LACNIC
IP;200.192.96.0/21;BR-ITLT40-LACNIC;ALLOCATED;LACNIC
;;;;
IP;200.220.0.0/17;BR-UBLT10-LACNIC;ALLOCATED;LACNIC
;;;;
;;;;
;;;;
;;;;
;;;;
;;;;
;;;;
IP;200.169.80.0/20;BR-VIHO-LACNIC;ALLOCATED;LACNIC
;;;;
IP;200.142.192.0/20;BR-IBIM2-LACNIC;ALLOCATED;LACNIC
;;;;
IP;200.160.160.0/20;BR-RRTP1-LACNIC;ALLOCATED;LACNIC
;;;;
;;;;
;;;;
;;;;
;;;;
;;;;
;;;;
;;;;
;;;;
;;;;
;;;;
;;;;
;;;;
;;;;
IP;152.84.0.0/16;BR-CBPF1-LACNIC;ASSIGNED;LACNIC
IP;192.111.229.0/24;BR-CBPF1-LACNIC;ASSIGNED;LACNIC
IP;200.160.32.0/20;BR-OBLT7-LACNIC;ALLOCATED;LACNIC
IP;200.194.176.0/20;BR-PBLT41-LACNIC;ALLOCATED;LACNIC
IP;200.9.66.0/24;BR-AABP2-LACNIC;ASSIGNED;LACNIC
IP;161.24.0.0/16;BR-CTAE1-LACNIC;ASSIGNED;LACNIC
IP;155.211.0.0/16;BR-CTAE1-LACNIC;ASSIGNED;LACNIC
IP;192.132.35.0/24;BR-OBNA1-LACNIC;ASSIGNED;LACNIC
;;;;
;;;;
;;;;
IP;200.6.42.0/24;BR-OPAS-LACNIC;ASSIGNED;LACNIC
IP;200.10.178.0/23;BR-OPAS-LACNIC;ASSIGNED;LACNIC
IP;150.164.0.0/16;BR-UFMG6-LACNIC;ASSIGNED;LACNIC
;;;;
;;;;
IP;150.161.0.0/16;BR-UFPE1-LACNIC;ASSIGNED;LACNIC
;;;;
IP;200.11.0.0/21;BR-UFRR1-LACNIC;ASSIGNED;LACNIC
;;;;
;;;;
;;;;
IP;152.92.0.0/16;BR-UERJ-LACNIC;ASSIGNED;LACNIC
IP;200.9.4.0/22;PY-UCNS-LACNIC;ALLOCATED;LACNIC
IP;200.10.196.0/24;AR-UTNA-LACNIC;ASSIGNED;LACNIC
IP;200.2.94.0/23;CL-MCSA-LACNIC;ASSIGNED;LACNIC
IP;200.2.96.0/23;CL-MCSA-LACNIC;ASSIGNED;LACNIC
IP;200.9.216.0/23;TT-FCLT-LACNIC;ASSIGNED;LACNIC
IP;200.9.218.0/24;TT-FCLT-LACNIC;ASSIGNED;LACNIC
IP;200.0.73.0/24;EC-LHCL-LACNIC;ASSIGNED;LACNIC
IP;192.207.67.0/24;EC-FUND2-LACNIC;ASSIGNED;LACNIC
IP;200.6.14.0/24;EC-FEPE-LACNIC;ASSIGNED;LACNIC
IP;192.188.45.0/24;EC-MACO-LACNIC;ASSIGNED;LACNIC
IP;192.188.44.0/24;EC-FUFI-LACNIC;ASSIGNED;LACNIC
IP;200.6.17.0/24;EC-CBJE-LACNIC;ASSIGNED;LACNIC
IP;200.7.82.0/24;EC-UIEC-LACNIC;ASSIGNED;LACNIC
IP;200.0.79.0/24;AR-INEY-LACNIC;ASSIGNED;ARIN
IP;200.0.80.0/24;AR-SMCO-LACNIC;ASSIGNED;ARIN
IP;200.0.82.0/24;CL-CBSA-LACNIC;ASSIGNED;ARIN
IP;200.0.0.0/21;CO-HOSA-LACNIC;ALLOCATED;ARIN
IP;200.1.0.0/22;VE-CAFO-LACNIC;ALLOCATED;ARIN
IP;200.1.4.0/23;VE-CAFO-LACNIC;ALLOCATED;ARIN
IP;200.2.16.0/21;CL-LASA-LACNIC;ALLOCATED;ARIN
IP;200.2.24.0/22;CL-LASA-LACNIC;ALLOCATED;ARIN
IP;200.9.101.0/24;CL-IOFM-LACNIC;ASSIGNED;ARIN
IP;200.9.141.0/24;CL-BACO-LACNIC;ASSIGNED;ARIN
IP;200.9.142.0/24;CL-CUCE-LACNIC;ASSIGNED;ARIN
IP;200.9.150.0/24;CL-ASSA-LACNIC;ASSIGNED;ARIN
IP;200.9.152.0/24;CL-COSA-LACNIC;ASSIGNED;ARIN
IP;200.9.153.0/24;CL-PDCC-LACNIC;ASSIGNED;ARIN
IP;200.6.0.0/24;EC-CAQU-LACNIC;ASSIGNED;ARIN
IP;200.9.193.0/24;CL-MACS-LACNIC;ASSIGNED;ARIN
IP;200.9.194.0/24;AR-KASA-LACNIC;ASSIGNED;ARIN
IP;200.9.195.0/24;CL-ATBA-LACNIC;ASSIGNED;ARIN
IP;200.12.129.0/24;CL-ATBA-LACNIC;ASSIGNED;ARIN
IP;200.9.198.0/24;CL-INCO-LACNIC;ASSIGNED;ARIN
IP;200.9.204.0/24;CL-ISLT-LACNIC;ASSIGNED;ARIN
IP;200.9.205.0/24;CL-CCSA-LACNIC;ASSIGNED;ARIN
IP;200.9.208.0/24;AR-RECS-LACNIC;ASSIGNED;ARIN
IP;200.9.215.0/24;CL-GESA-LACNIC;ASSIGNED;ARIN
IP;200.0.146.0/24;CL-SOSA1-LACNIC;ASSIGNED;ARIN
IP;200.9.225.0/24;CL-SOSA1-LACNIC;ASSIGNED;ARIN
IP;200.9.230.0/23;CL-CHIL-LACNIC;ASSIGNED;ARIN
IP;200.9.232.0/23;CL-CHIL-LACNIC;ASSIGNED;ARIN
IP;200.9.238.0/23;CL-TCCS-LACNIC;ASSIGNED;ARIN
IP;200.9.240.0/23;CL-TCCS-LACNIC;ASSIGNED;ARIN
IP;200.9.247.0/24;CL-GASA-LACNIC;ASSIGNED;ARIN
IP;200.10.208.0/24;CL-GASA-LACNIC;ASSIGNED;ARIN
IP;200.10.142.0/24;DO-CNCX-LACNIC;ASSIGNED;ARIN
IP;200.14.0.0/21;CL-CEPA-LACNIC;ASSIGNED;ARIN
IP;200.6.1.0/24;EC-FCIM-LACNIC;ASSIGNED;ARIN
IP;200.6.2.0/24;EC-CIDR-LACNIC;ASSIGNED;ARIN
IP;200.6.3.0/24;EC-CMQP-LACNIC;ASSIGNED;ARIN
IP;200.6.4.0/24;EC-BCCO-LACNIC;ASSIGNED;ARIN
IP;200.6.5.0/24;EC-CLMA-LACNIC;ASSIGNED;ARIN
IP;200.6.6.0/24;EC-INPE-LACNIC;ASSIGNED;ARIN
IP;200.6.7.0/24;EC-JNSA-LACNIC;ASSIGNED;ARIN
IP;200.6.9.0/24;EC-INEY-LACNIC;ASSIGNED;ARIN
IP;200.6.10.0/24;EC-HCKE-LACNIC;ASSIGNED;ARIN
IP;200.6.11.0/24;EC-EISA-LACNIC;ASSIGNED;ARIN
IP;200.6.12.0/24;EC-LCNC-LACNIC;ASSIGNED;ARIN
IP;200.6.15.0/24;EC-HEEQ-LACNIC;ASSIGNED;ARIN
IP;200.6.16.0/24;EC-EEFI-LACNIC;ASSIGNED;ARIN
IP;200.6.19.0/24;EC-LALI-LACNIC;ASSIGNED;ARIN
IP;200.6.22.0/24;EC-PLSA-LACNIC;ASSIGNED;ARIN
IP;200.6.23.0/24;EC-ITSE-LACNIC;ASSIGNED;ARIN
IP;200.6.26.0/24;EC-CAHU-LACNIC;ASSIGNED;ARIN
IP;200.6.28.0/24;EC-HVQU-LACNIC;ASSIGNED;ARIN
IP;200.6.29.0/24;EC-FUEC-LACNIC;ASSIGNED;ARIN
IP;200.6.30.0/24;EC-ECCD-LACNIC;ASSIGNED;ARIN
IP;200.6.31.0/24;EC-INMH-LACNIC;ASSIGNED;ARIN
IP;200.6.32.0/24;EC-IEEL-LACNIC;ASSIGNED;ARIN
IP;200.6.34.0/24;EC-SOSA-LACNIC;ASSIGNED;ARIN
IP;200.7.64.0/24;EC-HLCO-LACNIC;ASSIGNED;ARIN
IP;200.7.65.0/24;EC-FUNA-LACNIC;ASSIGNED;ARIN
IP;200.7.66.0/24;EC-ACCO-LACNIC;ASSIGNED;ARIN
IP;200.7.67.0/24;EC-MCLT-LACNIC;ASSIGNED;ARIN
IP;200.7.68.0/24;EC-ANEM-LACNIC;ASSIGNED;ARIN
IP;200.7.70.0/24;EC-FIPE-LACNIC;ASSIGNED;ARIN
IP;200.7.72.0/24;EC-ASET-LACNIC;ASSIGNED;ARIN
IP;200.7.71.0/24;EC-DISA-LACNIC;ASSIGNED;ARIN
IP;200.7.73.0/24;EC-PLRE-LACNIC;ASSIGNED;ARIN
IP;200.7.74.0/24;EC-UNSA-LACNIC;ASSIGNED;ARIN
IP;200.7.75.0/24;EC-CENM-LACNIC;ASSIGNED;ARIN
IP;200.7.76.0/24;EC-EESC-LACNIC;ASSIGNED;ARIN
IP;200.7.77.0/24;EC-CCAF-LACNIC;ASSIGNED;ARIN
IP;200.7.78.0/24;EC-CTNM-LACNIC;ASSIGNED;ARIN
IP;200.7.79.0/24;EC-CEIN-LACNIC;ASSIGNED;ARIN
IP;200.7.80.0/24;EC-BLUS-LACNIC;ASSIGNED;ARIN
IP;200.7.81.0/24;EC-LASA-LACNIC;ASSIGNED;ARIN
IP;200.7.83.0/24;EC-CSMA-LACNIC;ASSIGNED;ARIN
IP;200.0.74.0/24;EC-FNJO-LACNIC;ASSIGNED;ARIN
IP;200.0.75.0/24;EC-IIEY-LACNIC;ASSIGNED;ARIN
IP;200.0.76.0/24;EC-CNCU-LACNIC;ASSIGNED;ARIN
IP;200.0.77.0/24;EC-CDIE-LACNIC;ASSIGNED;ARIN
IP;200.0.78.0/24;EC-CLCQ-LACNIC;ASSIGNED;ARIN
IP;200.10.162.0/24;DO-BISA-LACNIC;ASSIGNED;ARIN
IP;200.10.190.0/24;CL-PRSA-LACNIC;ASSIGNED;ARIN
IP;200.10.195.0/24;CL-ULSA-LACNIC;ASSIGNED;ARIN
IP;200.10.241.0/24;GT-GBCO-LACNIC;ASSIGNED;ARIN
IP;200.10.242.0/24;CL-SYSA-LACNIC;ASSIGNED;ARIN
IP;200.10.254.0/24;VE-MASR-LACNIC;ASSIGNED;ARIN
IP;200.12.142.0/24;CL-CIMM-LACNIC;ASSIGNED;ARIN
IP;200.12.143.0/24;CL-AGIN-LACNIC;ASSIGNED;ARIN
IP;200.12.144.0/23;CL-BECH-LACNIC;ASSIGNED;ARIN
IP;200.12.147.0/24;CL-MELT-LACNIC;ASSIGNED;ARIN
IP;200.12.148.0/22;CL-MELT-LACNIC;ASSIGNED;ARIN
IP;200.12.152.0/24;CL-MELT-LACNIC;ASSIGNED;ARIN
IP;200.12.155.0/24;UY-BEVU-LACNIC;ASSIGNED;ARIN
IP;200.12.156.0/24;UY-BEVU-LACNIC;ASSIGNED;ARIN
IP;200.12.167.0/24;CR-GCRI-LACNIC;ASSIGNED;ARIN
IP;200.16.64.0/24;AR-FFIM-LACNIC;ASSIGNED;ARIN
IP;200.0.108.0/24;CL-GBCO-LACNIC;ASSIGNED;ARIN
IP;200.11.32.0/24;PE-PROM-LACNIC;ASSIGNED;ARIN
IP;200.14.72.0/24;CL-AFPE-LACNIC;ASSIGNED;ARIN
IP;200.10.203.0/24;PA-GBPA-LACNIC;ASSIGNED;ARIN
IP;200.12.132.0/24;CL-CECS-LACNIC;ASSIGNED;ARIN
IP;200.0.115.0/24;CL-MYCC-LACNIC;ASSIGNED;ARIN
IP;200.0.116.0/23;CL-MYCC-LACNIC;ASSIGNED;ARIN
IP;200.14.76.0/23;CL-MYCC-LACNIC;ASSIGNED;ARIN
IP;200.14.78.0/24;CL-MYCC-LACNIC;ASSIGNED;ARIN
IP;200.14.73.0/24;CL-UACY-LACNIC;ASSIGNED;ARIN
IP;200.0.110.0/24;PE-BATR-LACNIC;ASSIGNED;ARIN
IP;200.0.170.0/23;PE-BATR-LACNIC;ASSIGNED;ARIN
IP;200.0.172.0/23;PE-BATR-LACNIC;ASSIGNED;ARIN
IP;200.22.0.0/16;CL-RCSA-LACNIC;ALLOCATED;ARIN
IP;200.14.92.0/24;CL-MASA-LACNIC;ASSIGNED;ARIN
IP;200.14.93.0/24;CL-UNCE-LACNIC;ASSIGNED;ARIN
IP;200.14.100.0/22;CL-UNCE-LACNIC;ASSIGNED;ARIN
IP;200.14.94.0/24;CL-MSGD-LACNIC;ASSIGNED;ARIN
IP;200.14.95.0/24;CL-SISA-LACNIC;ASSIGNED;ARIN
IP;200.0.120.0/24;CL-SMSA-LACNIC;ASSIGNED;ARIN
IP;200.0.121.0/24;CL-BABO-LACNIC;ASSIGNED;ARIN
IP;200.0.122.0/23;CL-BABO-LACNIC;ASSIGNED;ARIN
IP;200.0.124.0/24;CL-BABO-LACNIC;ASSIGNED;ARIN
IP;200.14.98.0/24;CL-AZFI-LACNIC;ASSIGNED;ARIN
IP;200.12.169.0/24;EC-UCEC-LACNIC;ASSIGNED;ARIN
IP;200.14.110.0/24;CL-BACO1-LACNIC;ASSIGNED;ARIN
IP;200.12.170.0/24;CO-CBCS-LACNIC;ASSIGNED;ARIN
IP;200.12.172.0/23;SV-CEHR-LACNIC;ASSIGNED;ARIN
IP;200.12.174.0/24;SV-CEHR-LACNIC;ASSIGNED;ARIN
IP;200.12.175.0/24;CO-FUFE-LACNIC;ASSIGNED;ARIN
IP;200.0.136.0/24;PE-MREX-LACNIC;ASSIGNED;ARIN
IP;200.12.193.0/24;VE-IICI-LACNIC;ASSIGNED;ARIN
IP;200.24.9.0/24;CO-IOVU-LACNIC;ASSIGNED;ARIN
IP;200.11.36.0/24;PE-DESC-LACNIC;ASSIGNED;ARIN
IP;200.14.117.0/24;CL-TECO-LACNIC;ASSIGNED;ARIN
IP;200.14.118.0/24;CL-ALSA-LACNIC;ASSIGNED;ARIN
IP;200.11.38.0/23;PE-COSA-LACNIC;ASSIGNED;ARIN
IP;200.0.140.0/23;CL-MSCH-LACNIC;ASSIGNED;ARIN
IP;200.0.142.0/24;PE-BVLI-LACNIC;ASSIGNED;ARIN
IP;200.0.164.0/24;PE-JNEL-LACNIC;ASSIGNED;ARIN
IP;200.0.147.0/24;CL-CCBL-LACNIC;ASSIGNED;ARIN
IP;200.0.168.0/24;PE-PCMI-LACNIC;ASSIGNED;ARIN
IP;200.0.152.0/24;CL-EGLT-LACNIC;ASSIGNED;ARIN
IP;200.0.153.0/24;CL-ELSA-LACNIC;ASSIGNED;ARIN
IP;200.1.132.0/22;CL-CNLR-LACNIC;ASSIGNED;ARIN
IP;200.1.136.0/22;CL-CNLR-LACNIC;ASSIGNED;ARIN
IP;200.2.104.0/21;CL-CNLR-LACNIC;ASSIGNED;ARIN
IP;200.0.154.0/24;CL-FJIC-LACNIC;ASSIGNED;ARIN
IP;200.0.155.0/24;CL-OISA-LACNIC;ASSIGNED;ARIN
IP;200.0.157.0/24;CL-OSSA-LACNIC;ASSIGNED;ARIN
IP;200.0.159.0/24;CL-SISA1-LACNIC;ASSIGNED;ARIN
IP;200.1.128.0/24;CL-SASS-LACNIC;ASSIGNED;ARIN
IP;200.1.130.0/24;CL-UICY-LACNIC;ASSIGNED;ARIN
IP;200.3.128.0/20;CO-INLT-LACNIC;ALLOCATED;ARIN
IP;200.3.112.0/24;AR-LOSA-LACNIC;ASSIGNED;ARIN
IP;200.3.240.0/24;HN-GBCO-LACNIC;ASSIGNED;ARIN
IP;200.1.152.0/24;NI-GBCO-LACNIC;ASSIGNED;ARIN
IP;200.1.153.0/24;GT-GBCO1-LACNIC;ASSIGNED;ARIN
IP;200.1.155.0/24;DO-LISE-LACNIC;ASSIGNED;ARIN
IP;200.3.156.0/22;CO-FUNO-LACNIC;ASSIGNED;ARIN
IP;200.2.90.0/24;CL-MCLI-LACNIC;ASSIGNED;ARIN
IP;200.5.12.0/22;CU-CFGE-LACNIC;ASSIGNED;ARIN
IP;200.0.156.0/24;CL-PLSA-LACNIC;ASSIGNED;ARIN
IP;200.1.162.0/23;VE-PASA-LACNIC;ASSIGNED;ARIN
IP;200.1.172.0/24;EC-PLNU-LACNIC;ASSIGNED;ARIN
IP;200.10.219.0/24;AR-SCYT-LACNIC;ASSIGNED;ARIN
IP;200.0.200.0/24;AR-INIY-LACNIC;ASSIGNED;ARIN
IP;200.11.37.0/24;PE-FLNU-LACNIC;ASSIGNED;ARIN
IP;200.0.198.0/23;AR-ERNU-LACNIC;ASSIGNED;ARIN
IP;200.3.115.0/24;AR-TESA-LACNIC;ASSIGNED;ARIN
IP;200.3.224.0/20;HN-CHCY-LACNIC;ASSIGNED;ARIN
IP;200.10.238.0/24;CL-OPLT-LACNIC;ASSIGNED;ARIN
;;;;
;;;;
;;;;
;;;;
;;;;
;;;;
;;;;
IP;200.0.139.0/24;VE-ICCA-LACNIC;ASSIGNED;ARIN
IP;200.9.81.0/24;CL-IBCH-LACNIC;ASSIGNED;ARIN
IP;200.9.177.0/24;CL-IBCH-LACNIC;ASSIGNED;ARIN
IP;200.9.178.0/23;CL-IBCH-LACNIC;ASSIGNED;ARIN
IP;200.9.180.0/24;CL-IBCH-LACNIC;ASSIGNED;ARIN
IP;200.0.107.0/24;PE-GMSA-LACNIC;ASSIGNED;ARIN
IP;200.9.64.0/24;CL-TCMB-LACNIC;ASSIGNED;ARIN
IP;200.2.98.0/24;CL-APSA-LACNIC;ASSIGNED;ARIN
IP;200.0.181.0/24;AR-OSSA-LACNIC;ASSIGNED;ARIN
IP;200.0.208.0/21;AR-INSA2-LACNIC;ALLOCATED;ARIN
IP;200.14.99.0/24;CL-CHLT-LACNIC;ASSIGNED;ARIN
IP;200.1.224.0/19;AR-NSTN-LACNIC;ALLOCATED;ARIN
IP;200.16.85.0/24;AR-CEDE-LACNIC;ASSIGNED;ARIN
IP;200.16.84.0/24;AR-CAIC-LACNIC;ASSIGNED;ARIN
IP;200.9.242.0/23;AR-RCYT-LACNIC;ASSIGNED;ARIN
IP;200.9.244.0/23;AR-RCYT-LACNIC;ASSIGNED;ARIN
IP;200.9.246.0/24;AR-RCYT-LACNIC;ASSIGNED;ARIN
IP;200.9.253.0/24;AR-RCYT-LACNIC;ASSIGNED;ARIN
IP;200.9.254.0/24;AR-RCYT-LACNIC;ASSIGNED;ARIN
IP;200.9.236.0/24;AR-ELSI-LACNIC;ASSIGNED;ARIN
IP;200.9.237.0/24;AR-UNLU-LACNIC;ASSIGNED;ARIN
IP;200.0.186.0/24;AR-TRSA2-LACNIC;ASSIGNED;ARIN
IP;200.0.150.0/23;CL-MOPU-LACNIC;ASSIGNED;ARIN
IP;200.10.250.0/24;PE-CPCF-LACNIC;ASSIGNED;ARIN
IP;200.2.8.0/21;VE-UCAB-LACNIC;ASSIGNED;ARIN
IP;200.14.65.0/24;CL-RCSA1-LACNIC;ASSIGNED;ARIN
IP;200.16.87.0/24;AR-UNLM-LACNIC;ASSIGNED;ARIN
IP;200.9.145.0/24;CL-ORSA-LACNIC;ASSIGNED;ARIN
IP;200.9.146.0/24;CL-ORSA-LACNIC;ASSIGNED;ARIN
IP;200.5.16.0/20;VE-SSVS-LACNIC;ASSIGNED;ARIN
IP;200.14.114.0/23;CL-FASA-LACNIC;ASSIGNED;ARIN
IP;163.250.0.0/16;CL-RESA2-LACNIC;ASSIGNED;ARIN
IP;199.26.234.0/24;PA-BHSD-LACNIC;ASSIGNED;ARIN
IP;206.224.32.0/19;PA-DODE-LACNIC;ASSIGNED;ARIN
IP;199.103.102.0/24;CL-ELFE-LACNIC;ASSIGNED;ARIN
IP;164.98.0.0/16;CL-EJCH-LACNIC;ASSIGNED;ARIN
IP;166.110.0.0/16;CL-BAED-LACNIC;ASSIGNED;ARIN
IP;168.101.0.0/16;AR-MOEC2-LACNIC;ASSIGNED;ARIN
IP;168.83.0.0/16;AR-RCYT1-LACNIC;ASSIGNED;ARIN
IP;158.160.0.0/16;VE-MASA1-LACNIC;ASSIGNED;ARIN
IP;152.139.0.0/16;CL-BACH2-LACNIC;ASSIGNED;ARIN
IP;198.51.71.0/24;CO-ANSA1-LACNIC;ASSIGNED;ARIN
IP;198.2.16.0/20;CL-ENTS1-LACNIC;ASSIGNED;ARIN
IP;196.1.135.0/24;CU-CFGE2-LACNIC;ASSIGNED;ARIN
IP;196.3.106.0/24;DO-CNSA-LACNIC;ASSIGNED;ARIN
IP;196.3.152.0/24;CU-COBI-LACNIC;ASSIGNED;ARIN
IP;196.1.112.0/24;CU-COPA-LACNIC;ASSIGNED;ARIN
IP;196.3.16.0/20;AN-REIS-LACNIC;ASSIGNED;ARIN
IP;192.207.66.0/24;EC-CAGU-LACNIC;ASSIGNED;ARIN
IP;192.188.194.0/24;EC-CCNC-LACNIC;ASSIGNED;ARIN
IP;192.150.126.0/24;GT-CEGU-LACNIC;ASSIGNED;ARIN
IP;192.207.68.0/24;EC-CILP-LACNIC;ASSIGNED;ARIN
IP;192.207.40.0/24;EC-COBO-LACNIC;ASSIGNED;ARIN
IP;192.153.167.0/24;CR-UCRI1-LACNIC;ASSIGNED;ARIN
IP;192.203.158.0/24;CL-DISA4-LACNIC;ASSIGNED;ARIN
IP;192.188.197.0/24;EC-ECUA2-LACNIC;ASSIGNED;ARIN
IP;192.251.39.0/24;CL-FACA-LACNIC;ASSIGNED;ARIN
IP;192.188.56.0/24;EC-FFER-LACNIC;ASSIGNED;ARIN
IP;192.153.119.0/24;CL-FUCH3-LACNIC;ASSIGNED;ARIN
IP;192.188.60.0/24;EC-HOME-LACNIC;ASSIGNED;ARIN
IP;192.146.237.0/24;UY-ITMU-LACNIC;ASSIGNED;ARIN
IP;192.207.65.0/24;EC-INHY-LACNIC;ASSIGNED;ARIN
IP;192.207.41.0/24;EC-INSO-LACNIC;ASSIGNED;ARIN
IP;192.207.183.0/24;GT-ITCY-LACNIC;ASSIGNED;ARIN
IP;192.207.146.0/24;CL-MEPM-LACNIC;ASSIGNED;ARIN
IP;192.207.42.0/24;EC-PWEC-LACNIC;ASSIGNED;ARIN
IP;192.188.54.0/24;EC-SEAY-LACNIC;ASSIGNED;ARIN
IP;192.188.195.0/24;EC-ULVR-LACNIC;ASSIGNED;ARIN
IP;192.245.121.0/24;BO-UMSS-LACNIC;ASSIGNED;ARIN
IP;192.102.84.0/24;PE-UNIN7-LACNIC;ASSIGNED;ARIN
IP;192.107.104.0/24;NI-UNIN-LACNIC;ASSIGNED;ARIN
ASN;676;AR-UNDP-LACNIC;NO APLICA;LACNIC
ASN;6590;MX-SSCV65-LACNIC;NO APLICA;LACNIC
ASN;6945;SV-SVNE-LACNIC;NO APLICA;LACNIC
ASN;6957;MX-TUSC4-LACNIC;NO APLICA;LACNIC
ASN;7002;MX-MCSC17-LACNIC;NO APLICA;LACNIC
ASN;7056;MX-DSCV37-LACNIC;NO APLICA;LACNIC
ASN;7080;MX-EYCS-LACNIC;NO APLICA;LACNIC
ASN;7087;CO-COSA-LACNIC;NO APLICA;LACNIC
ASN;8024;MX-CIBN-LACNIC;NO APLICA;LACNIC
ASN;7120;MX-CEIT-LACNIC;NO APLICA;LACNIC
ASN;7125;MX-UNMO2-LACNIC;NO APLICA;LACNIC
ASN;7149;MX-SIAP-LACNIC;NO APLICA;LACNIC
ASN;7184;MX-UNVE1-LACNIC;NO APLICA;LACNIC
ASN;7325;MX-UATA1-LACNIC;NO APLICA;LACNIC
ASN;7408;MX-COMI3-LACNIC;NO APLICA;LACNIC
ASN;7906;MX-RRYC-LACNIC;NO APLICA;LACNIC
ASN;7974;MX-IMPE-LACNIC;NO APLICA;LACNIC
ASN;7995;MX-GOME2-LACNIC;NO APLICA;LACNIC
ASN;10277;AR-MCYE1-LACNIC;NO APLICA;LACNIC
ASN;7399;MX-ICSC1-LACNIC;NO APLICA;LACNIC
ASN;10671;AR-CNAE-LACNIC;NO APLICA;LACNIC
ASN;10778;CL-MCIN-LACNIC;NO APLICA;LACNIC
ASN;10847;MX-PSCV-LACNIC;NO APLICA;LACNIC
ASN;2146;CR-CRNE-LACNIC;NO APLICA;LACNIC
ASN;2739;MX-FAIN1-LACNIC;NO APLICA;LACNIC
ASN;3141;MX-BUAP1-LACNIC;NO APLICA;LACNIC
ASN;3449;AR-UNBA-LACNIC;NO APLICA;LACNIC
ASN;3596;MX-UAME1-LACNIC;NO APLICA;LACNIC
ASN;3631;AR-MOFA-LACNIC;NO APLICA;LACNIC
ASN;3632;MX-CNCY-LACNIC;NO APLICA;LACNIC
ASN;3905;MX-CRSC-LACNIC;NO APLICA;LACNIC
ASN;4242;MX-SARE1-LACNIC;NO APLICA;LACNIC
ASN;4387;AR-SCYT1-LACNIC;NO APLICA;LACNIC
ASN;4967;AR-STSA1-LACNIC;NO APLICA;LACNIC
ASN;5633;MX-IOSC6-LACNIC;NO APLICA;LACNIC
ASN;5708;MX-UAGU1-LACNIC;NO APLICA;LACNIC
ASN;6121;AR-MJLN-LACNIC;NO APLICA;LACNIC
ASN;3454;MX-UANL3-LACNIC;NO APLICA;LACNIC
ASN;1831;MX-ITUN-LACNIC;NO APLICA;LACNIC
ASN;1840;MX-ULAM2-LACNIC;NO APLICA;LACNIC
ASN;4141;MX-GISC9-LACNIC;NO APLICA;LACNIC
ASN;3548;MX-CIYE7-LACNIC;NO APLICA;LACNIC
ASN;6063;MX-ICSC23-LACNIC;NO APLICA;LACNIC
ASN;6084;MX-ICSC23-LACNIC;NO APLICA;LACNIC
ASN;8140;MX-IFEL-LACNIC;NO APLICA;LACNIC
ASN;3640;MX-CICE-LACNIC;NO APLICA;LACNIC
ASN;10704;BR-MTLN-LACNIC;NO APLICA;LACNIC
ASN;10875;BR-FAUF-LACNIC;NO APLICA;LACNIC
ASN;11295;BR-BHSL1-LACNIC;NO APLICA;LACNIC
ASN;11497;BR-BESC1-LACNIC;NO APLICA;LACNIC
ASN;12135;BR-PBLT41-LACNIC;NO APLICA;LACNIC
ASN;13357;BR-ITLT40-LACNIC;NO APLICA;LACNIC
ASN;13761;BR-BILT10-LACNIC;NO APLICA;LACNIC
ASN;18739;BR-AMTL1-LACNIC;NO APLICA;LACNIC
ASN;19361;BR-ATSA1-LACNIC;NO APLICA;LACNIC
ASN;5772;BR-UBLT10-LACNIC;NO APLICA;LACNIC
ASN;6505;BR-EQBR1-LACNIC;NO APLICA;LACNIC
ASN;7298;BR-TCSA4-LACNIC;NO APLICA;LACNIC
ASN;7313;BR-CCDS-LACNIC;NO APLICA;LACNIC
ASN;7365;BR-CPSI-LACNIC;NO APLICA;LACNIC
ASN;8141;BR-SSIL12-LACNIC;NO APLICA;LACNIC
ASN;10362;BR-UBST-LACNIC;NO APLICA;LACNIC
ASN;10417;BR-FDPE-LACNIC;NO APLICA;LACNIC
ASN;10495;BR-GCSL4-LACNIC;NO APLICA;LACNIC
ASN;10630;BR-ASDA-LACNIC;NO APLICA;LACNIC
ASN;10688;BR-IASA1-LACNIC;NO APLICA;LACNIC
ASN;11751;BR-ICEP2-LACNIC;NO APLICA;LACNIC
ASN;11896;BR-MILT4-LACNIC;NO APLICA;LACNIC
ASN;13522;BR-PPCC-LACNIC;NO APLICA;LACNIC
ASN;13914;BR-CDLB2-LACNIC;NO APLICA;LACNIC
ASN;14463;BR-TILT3-LACNIC;NO APLICA;LACNIC
ASN;14886;BR-AOBL-LACNIC;NO APLICA;LACNIC
ASN;16736;BR-JILT1-LACNIC;NO APLICA;LACNIC
ASN;16891;BR-SMCU1-LACNIC;NO APLICA;LACNIC
ASN;20266;BR-VSPS1-LACNIC;NO APLICA;LACNIC
ASN;21741;BR-VIHO-LACNIC;NO APLICA;LACNIC
ASN;22133;BR-OBLT7-LACNIC;NO APLICA;LACNIC
ASN;22341;BR-RRTP1-LACNIC;NO APLICA;LACNIC
ASN;22407;BR-AAIR-LACNIC;NO APLICA;LACNIC
ASN;22745;BR-BSIS-LACNIC;NO APLICA;LACNIC
ASN;23128;BR-HBBS1-LACNIC;NO APLICA;LACNIC
ASN;23289;BR-CNSY-LACNIC;NO APLICA;LACNIC
ASN;25832;BR-CPDE4-LACNIC;NO APLICA;LACNIC
ASN;26118;BR-MPFP-LACNIC;NO APLICA;LACNIC
ASN;26602;BR-NISL4-LACNIC;NO APLICA;LACNIC
ASN;26607;BR-IBIM2-LACNIC;NO APLICA;LACNIC
ASN;27697;BR-NISL2-LACNIC;NO APLICA;LACNIC
ASN;27712;BR-PDAF-LACNIC;NO APLICA;LACNIC
ASN;1296;CL-UOCH1-LACNIC;NO APLICA;ARIN
ASN;7005;AR-INSA2-LACNIC;NO APLICA;ARIN
ASN;8026;CO-ECPE-LACNIC;NO APLICA;ARIN
ASN;6545;VE-TCCA5-LACNIC;NO APLICA;ARIN
ASN;7340;AR-TELE9-LACNIC;NO APLICA;ARIN
ASN;7417;AR-MOEC1-LACNIC;NO APLICA;ARIN
ASN;7437;CO-REDN1-LACNIC;NO APLICA;ARIN
ASN;7803;AR-MISA4-LACNIC;NO APLICA;ARIN
ASN;7927;VE-GOVE-LACNIC;NO APLICA;ARIN
ASN;7953;CO-SUSA-LACNIC;NO APLICA;ARIN
ASN;7965;VE-UCAB2-LACNIC;NO APLICA;ARIN
ASN;7980;AR-GLON-LACNIC;NO APLICA;ARIN
ASN;7993;CL-GOCH-LACNIC;NO APLICA;ARIN
ASN;7994;PE-GOPE1-LACNIC;NO APLICA;ARIN
ASN;8054;CO-TICS-LACNIC;NO APLICA;ARIN
ASN;8056;VE-ICCA5-LACNIC;NO APLICA;ARIN
ASN;8096;CO-R-LACNIC;NO APLICA;ARIN
ASN;8178;AR-AKSA1-LACNIC;NO APLICA;ARIN
ASN;10605;AR-SENE-LACNIC;NO APLICA;ARIN
ASN;10606;AR-TASA1-LACNIC;NO APLICA;ARIN
ASN;10624;VE-NEVE-LACNIC;NO APLICA;ARIN
ASN;10640;AR-DASA14-LACNIC;NO APLICA;ARIN
ASN;10691;CO-COLI-LACNIC;NO APLICA;ARIN
ASN;10757;AR-SSAS-LACNIC;NO APLICA;ARIN
ASN;10824;HT-BLRD-LACNIC;NO APLICA;ARIN
ASN;10463;VE-ENCA-LACNIC;NO APLICA;ARIN
ASN;2277;EC-ECEI2-LACNIC;NO APLICA;ARIN
ASN;6240;CL-CHLT-LACNIC;NO APLICA;ARIN
ASN;3487;VE-LSTE-LACNIC;NO APLICA;ARIN
ASN;3496;VE-MARA-LACNIC;NO APLICA;ARIN
ASN;1797;UY-URUG-LACNIC;NO APLICA;ARIN
ASN;3556;VE-INSA-LACNIC;NO APLICA;ARIN
ASN;3636;VE-COSA2-LACNIC;NO APLICA;ARIN
ASN;4209;VE-PEQU-LACNIC;NO APLICA;ARIN
ASN;5005;VE-AECA-LACNIC;NO APLICA;ARIN
ASN;4535;VE-INSO1-LACNIC;NO APLICA;ARIN
ASN;4914;HN-RNHH-LACNIC;NO APLICA;ARIN
ASN;4944;VE-PVSA-LACNIC;NO APLICA;ARIN
ASN;4964;AN-RICS-LACNIC;NO APLICA;ARIN
ASN;5648;AR-SASA-LACNIC;NO APLICA;ARIN
ASN;5745;AR-OPLS1-LACNIC;NO APLICA;ARIN
ASN;6133;GT-RNGM-LACNIC;NO APLICA;ARIN
ASN;10785;AR-ISSA4-LACNIC;NO APLICA;ARIN
ASN;7199;CO-ICSA1-LACNIC;NO APLICA;ARIN
ASN;7157;CO-ACSA2-LACNIC;NO APLICA;ARIN